timestamp,temperature,humidity,wind_speed,y
2026-03-10T12:00,15.8,48,10.8,63.7193366788426
2026-03-10T13:00,17.3,44,13.4,63.7193366788426
2026-03-10T14:00,18.5,42,12.8,63.7193366788426
2026-03-10T15:00,18.1,45,12.3,63.7193366788426
2026-03-10T16:00,17.8,47,10.9,68.71933667884261
2026-03-10T17:00,18.2,48,9.1,68.71933667884261
2026-03-10T18:00,17.8,48,6.8,68.71933667884261
2026-03-10T19:00,16.5,51,6.8,68.71933667884261
2026-03-10T20:00,16.2,53,7.6,58.7193366788426
2026-03-10T21:00,16.7,55,7.7,58.7193366788426
2026-03-10T22:00,16.6,59,9.2,58.7193366788426
2026-03-10T23:00,16.5,59,9.7,58.7193366788426
2026-03-11T00:00,16.1,60,9.5,55.32278190998421
2026-03-11T01:00,15.4,63,10.3,55.32278190998421
2026-03-11T02:00,14.3,64,9.4,55.32278190998421
2026-03-11T03:00,13.8,63,9.8,55.32278190998421
2026-03-11T04:00,13.2,62,9.7,55.32278190998421
2026-03-11T05:00,12.4,63,10.5,55.32278190998421
2026-03-11T06:00,11.3,68,11.1,55.32278190998421
2026-03-11T07:00,10.4,72,9.8,65.3227819099842
2026-03-11T08:00,10.0,73,8.3,65.3227819099842
2026-03-11T09:00,11.1,69,8.9,65.3227819099842
2026-03-11T10:00,11.8,68,8.1,55.32278190998421
2026-03-11T11:00,13.6,63,7.7,60.32278190998421
2026-03-11T12:00,15.1,62,9.4,60.32278190998421
2026-03-11T13:00,17.3,60,13.0,60.32278190998421
2026-03-11T14:00,16.6,64,17.9,60.32278190998421
2026-03-11T15:00,14.6,71,14.6,60.32278190998421
2026-03-11T16:00,17.9,63,15.5,65.3227819099842
2026-03-11T17:00,16.6,69,13.8,65.3227819099842
2026-03-11T18:00,15.6,72,15.5,65.3227819099842
2026-03-11T19:00,15.7,76,16.0,65.3227819099842
2026-03-11T20:00,14.7,78,13.5,55.32278190998421
2026-03-11T21:00,14.6,88,19.8,55.32278190998421
2026-03-11T22:00,14.7,94,21.3,55.32278190998421
2026-03-11T23:00,13.2,96,15.5,55.32278190998421
2026-03-12T00:00,12.6,98,9.8,47.399321775543626
2026-03-12T01:00,14.9,97,14.3,47.399321775543626
2026-03-12T02:00,14.2,98,8.1,47.399321775543626
2026-03-12T03:00,13.9,99,9.0,47.399321775543626
2026-03-12T04:00,13.9,99,8.1,47.399321775543626
2026-03-12T05:00,13.8,99,9.1,47.399321775543626
2026-03-12T06:00,14.1,99,10.2,47.399321775543626
2026-03-12T07:00,14.3,80,31.3,57.399321775543626
2026-03-12T08:00,11.3,67,33.9,57.399321775543626
2026-03-12T09:00,8.8,66,32.6,57.399321775543626
2026-03-12T10:00,6.6,70,36.7,47.399321775543626
2026-03-12T11:00,5.6,66,30.4,52.399321775543626
2026-03-12T12:00,4.2,68,31.4,52.399321775543626
2026-03-12T13:00,4.1,68,29.0,52.399321775543626
2026-03-12T14:00,4.5,62,30.9,52.399321775543626
2026-03-12T15:00,3.9,67,30.8,52.399321775543626
2026-03-12T16:00,2.6,77,27.1,57.399321775543626
2026-03-12T17:00,2.7,75,27.0,57.399321775543626
2026-03-12T18:00,2.7,75,27.0,57.399321775543626
2026-03-12T19:00,3.1,68,23.4,57.399321775543626
2026-03-12T20:00,3.5,63,20.2,47.399321775543626
2026-03-12T21:00,3.4,62,17.9,47.399321775543626
2026-03-12T22:00,3.3,61,19.0,47.399321775543626
2026-03-12T23:00,2.8,60,21.9,47.399321775543626
2026-03-13T00:00,2.2,64,19.7,38.52960016862495
2026-03-13T01:00,1.7,67,18.6,38.52960016862495
2026-03-13T02:00,1.8,60,20.0,38.52960016862495
2026-03-13T03:00,1.5,49,21.4,38.52960016862495
2026-03-13T04:00,1.0,49,18.4,38.52960016862495
2026-03-13T05:00,0.9,50,15.9,38.52960016862495
2026-03-13T06:00,0.8,50,14.2,38.52960016862495
2026-03-13T07:00,0.8,50,10.2,48.52960016862495
2026-03-13T08:00,1.0,51,11.6,48.52960016862495
2026-03-13T09:00,1.7,46,9.2,48.52960016862495
2026-03-13T10:00,2.4,44,12.0,38.52960016862495
2026-03-13T11:00,3.3,41,13.1,43.52960016862495
2026-03-13T12:00,4.3,38,16.3,43.52960016862495
2026-03-13T13:00,5.1,38,19.3,43.52960016862495
2026-03-13T14:00,5.6,41,22.4,43.52960016862495
2026-03-13T15:00,4.7,51,32.6,43.52960016862495
2026-03-13T16:00,5.7,48,33.2,48.52960016862495
2026-03-13T17:00,5.7,50,30.0,48.52960016862495
2026-03-13T18:00,5.7,53,32.3,48.52960016862495
2026-03-13T19:00,5.7,55,28.9,48.52960016862495
2026-03-13T20:00,5.5,57,27.2,38.52960016862495
2026-03-13T21:00,5.6,61,27.4,38.52960016862495
2026-03-13T22:00,5.9,65,20.7,38.52960016862495
2026-03-13T23:00,5.9,67,23.7,38.52960016862495
2026-03-14T00:00,6.1,68,25.2,38.41351753462896
2026-03-14T01:00,6.3,67,14.5,38.41351753462896
2026-03-14T02:00,5.9,69,13.3,38.41351753462896
2026-03-14T03:00,6.0,71,14.9,38.41351753462896
2026-03-14T04:00,5.6,75,13.6,38.41351753462896
2026-03-14T05:00,5.4,78,13.0,38.41351753462896
2026-03-14T06:00,5.5,77,16.2,38.41351753462896
2026-03-14T07:00,5.7,68,24.5,48.41351753462896
2026-03-14T08:00,6.3,54,28.6,48.41351753462896
2026-03-14T09:00,6.5,48,29.5,48.41351753462896
2026-03-14T10:00,6.9,46,31.0,38.41351753462896
2026-03-14T11:00,7.3,42,33.0,43.41351753462896
2026-03-14T12:00,7.3,38,34.9,43.41351753462896
2026-03-14T13:00,7.8,35,34.1,43.41351753462896
2026-03-14T14:00,8.9,31,32.6,43.41351753462896
2026-03-14T15:00,9.5,30,29.7,43.41351753462896
2026-03-14T16:00,9.7,30,29.3,48.41351753462896
2026-03-14T17:00,9.4,31,28.6,48.41351753462896
2026-03-14T18:00,8.9,34,25.7,48.41351753462896
2026-03-14T19:00,7.7,38,24.6,48.41351753462896
2026-03-14T20:00,7.4,39,22.0,38.41351753462896
2026-03-14T21:00,6.5,43,19.1,38.41351753462896
2026-03-14T22:00,5.8,47,18.5,38.41351753462896
2026-03-14T23:00,5.0,49,16.9,38.41351753462896
2026-03-15T00:00,4.2,49,16.5,37.98494474986414
2026-03-15T01:00,3.6,51,16.1,37.98494474986414
2026-03-15T02:00,3.4,52,14.4,37.98494474986414
2026-03-15T03:00,3.2,50,13.0,37.98494474986414
2026-03-15T04:00,2.9,47,13.2,37.98494474986414
2026-03-15T05:00,2.9,42,10.8,37.98494474986414
2026-03-15T06:00,2.8,41,11.2,37.98494474986414
2026-03-15T07:00,2.8,51,11.8,47.98494474986414
2026-03-15T08:00,2.9,52,14.2,47.98494474986414
2026-03-15T09:00,3.4,45,14.1,47.98494474986414
2026-03-15T10:00,4.2,41,15.5,37.98494474986414
2026-03-15T11:00,5.0,34,16.4,42.98494474986414
2026-03-15T12:00,5.7,29,20.1,42.98494474986414
2026-03-15T13:00,5.5,36,23.5,42.98494474986414
2026-03-15T14:00,5.1,43,24.0,42.98494474986414
2026-03-15T15:00,4.9,51,25.0,42.98494474986414
2026-03-15T16:00,4.8,57,24.3,47.98494474986414
2026-03-15T17:00,5.3,59,24.1,47.98494474986414
2026-03-15T18:00,5.9,61,24.1,47.98494474986414
2026-03-15T19:00,5.9,65,25.9,47.98494474986414
2026-03-15T20:00,6.1,68,24.5,37.98494474986414
2026-03-15T21:00,6.4,72,25.0,37.98494474986414
2026-03-15T22:00,6.8,77,25.0,37.98494474986414
2026-03-15T23:00,7.3,80,26.1,37.98494474986414
2026-03-16T00:00,7.8,83,29.3,34.22926779170041
2026-03-16T01:00,8.0,86,30.1,34.22926779170041
2026-03-16T02:00,7.7,89,26.3,34.22926779170041
2026-03-16T03:00,7.7,95,24.9,34.22926779170041
2026-03-16T04:00,8.0,97,25.1,34.22926779170041
2026-03-16T05:00,8.5,98,25.2,34.22926779170041
2026-03-16T06:00,8.7,98,24.5,34.22926779170041
2026-03-16T07:00,8.8,98,24.2,44.22926779170041
2026-03-16T08:00,8.9,99,21.3,44.22926779170041
2026-03-16T09:00,9.5,99,22.7,44.22926779170041
2026-03-16T10:00,9.3,99,21.3,34.22926779170041
2026-03-16T11:00,9.5,98,20.6,39.22926779170041
2026-03-16T12:00,10.0,98,21.4,39.22926779170041
2026-03-16T13:00,10.4,99,22.8,39.22926779170041
2026-03-16T14:00,10.2,98,25.3,39.22926779170041
2026-03-16T15:00,10.9,98,26.2,39.22926779170041
2026-03-16T16:00,10.9,97,28.6,44.22926779170041
2026-03-16T17:00,10.7,98,26.4,44.22926779170041
2026-03-16T18:00,9.5,97,27.3,44.22926779170041
2026-03-16T19:00,10.3,99,30.3,44.22926779170041
2026-03-16T20:00,10.7,98,32.4,34.22926779170041
2026-03-16T21:00,10.0,98,32.9,34.22926779170041
2026-03-16T22:00,9.6,98,35.0,34.22926779170041
2026-03-16T23:00,10.8,98,43.6,34.22926779170041
2026-03-17T00:00,13.6,93,50.0,31.881177996942956
2026-03-17T01:00,7.0,65,38.3,31.881177996942956
2026-03-17T02:00,6.2,70,32.9,31.881177996942956
2026-03-17T03:00,5.2,62,33.5,31.881177996942956
2026-03-17T04:00,4.3,58,32.1,31.881177996942956
2026-03-17T05:00,3.3,53,35.6,31.881177996942956
2026-03-17T06:00,1.9,47,32.1,31.881177996942956
2026-03-17T07:00,1.0,47,31.0,41.88117799694295
2026-03-17T08:00,0.9,47,29.9,41.88117799694295
2026-03-17T09:00,1.2,45,29.8,41.88117799694295
2026-03-17T10:00,1.4,41,29.6,31.881177996942956
2026-03-17T11:00,2.2,38,28.6,36.88117799694295
2026-03-17T12:00,3.1,33,28.0,36.88117799694295
2026-03-17T13:00,3.9,30,30.3,36.88117799694295
2026-03-17T14:00,4.3,29,27.6,36.88117799694295
2026-03-17T15:00,4.8,28,30.0,36.88117799694295
2026-03-17T16:00,4.7,27,31.7,41.88117799694295
2026-03-17T17:00,4.1,29,30.8,41.88117799694295
2026-03-17T18:00,3.6,30,29.4,41.88117799694295
2026-03-17T19:00,3.1,33,25.2,41.88117799694295
2026-03-17T20:00,2.5,34,23.0,31.881177996942956
2026-03-17T21:00,1.9,39,23.1,31.881177996942956
2026-03-17T22:00,1.1,47,22.4,31.881177996942956
2026-03-17T23:00,0.3,50,22.4,31.881177996942956
2026-03-18T00:00,-0.4,48,22.2,33.34942626866986
2026-03-18T01:00,-0.8,44,21.4,33.34942626866986
2026-03-18T02:00,-0.9,38,19.9,33.34942626866986
2026-03-18T03:00,-1.5,37,20.4,33.34942626866986
2026-03-18T04:00,-2.0,39,20.6,33.34942626866986
2026-03-18T05:00,-2.4,41,19.7,33.34942626866986
2026-03-18T06:00,-2.7,39,18.7,33.34942626866986
2026-03-18T07:00,-2.9,38,17.1,43.34942626866986
2026-03-18T08:00,-2.6,36,16.1,43.34942626866986
2026-03-18T09:00,-2.2,34,16.6,43.34942626866986
2026-03-18T10:00,-1.8,32,18.0,33.34942626866986
2026-03-18T11:00,-1.3,30,16.7,38.34942626866986
2026-03-18T12:00,-0.7,28,14.4,38.34942626866986
2026-03-18T13:00,0.4,24,5.2,38.34942626866986
2026-03-18T14:00,1.2,22,5.1,38.34942626866986
2026-03-18T15:00,1.3,24,10.8,38.34942626866986
2026-03-18T16:00,1.3,27,14.2,43.34942626866986
2026-03-18T17:00,1.1,31,15.3,43.34942626866986
2026-03-18T18:00,1.1,34,15.0,43.34942626866986
2026-03-18T19:00,0.9,37,15.8,43.34942626866986
2026-03-18T20:00,0.6,43,14.3,33.34942626866986
2026-03-18T21:00,0.7,46,14.7,33.34942626866986
2026-03-18T22:00,0.7,49,14.8,33.34942626866986
2026-03-18T23:00,0.8,50,13.2,33.34942626866986
2026-03-19T00:00,0.8,51,12.5,40.72823869741244
2026-03-19T01:00,0.8,51,12.1,40.72823869741244
2026-03-19T02:00,0.8,53,11.9,40.72823869741244
2026-03-19T03:00,0.7,54,11.3,40.72823869741244
2026-03-19T04:00,0.7,54,11.3,40.72823869741244
2026-03-19T05:00,0.7,55,8.9,40.72823869741244
2026-03-19T06:00,0.6,56,9.0,40.72823869741244
2026-03-19T07:00,0.6,56,7.7,50.72823869741244
2026-03-19T08:00,1.2,54,7.6,50.72823869741244
2026-03-19T09:00,1.9,51,10.8,50.72823869741244
2026-03-19T10:00,2.5,49,12.2,40.72823869741244
2026-03-19T11:00,3.2,45,13.4,45.72823869741244
2026-03-19T12:00,3.7,44,15.0,45.72823869741244
2026-03-19T13:00,4.4,43,15.5,45.72823869741244
2026-03-19T14:00,4.6,43,16.4,45.72823869741244
2026-03-19T15:00,4.5,45,17.2,45.72823869741244
2026-03-19T16:00,4.3,47,16.6,50.72823869741244
2026-03-19T17:00,4.0,49,16.5,50.72823869741244
2026-03-19T18:00,4.5,49,15.1,50.72823869741244
2026-03-19T19:00,4.7,51,15.5,50.72823869741244
2026-03-19T20:00,5.1,54,13.4,40.72823869741244
2026-03-19T21:00,5.1,59,13.5,40.72823869741244
2026-03-19T22:00,5.3,63,10.9,40.72823869741244
2026-03-19T23:00,5.3,62,6.8,40.72823869741244
2026-03-20T00:00,5.4,62,5.1,50.9419548046176
2026-03-20T01:00,5.3,64,7.8,50.9419548046176
2026-03-20T02:00,5.3,66,9.0,50.9419548046176
2026-03-20T03:00,4.8,68,9.5,50.9419548046176
2026-03-20T04:00,5.0,68,12.1,50.9419548046176
2026-03-20T05:00,4.9,68,12.1,50.9419548046176
2026-03-20T06:00,4.3,70,10.7,50.9419548046176
2026-03-20T07:00,4.0,72,10.2,60.9419548046176
2026-03-20T08:00,4.1,70,8.7,60.9419548046176
2026-03-20T09:00,4.9,67,8.9,60.9419548046176
2026-03-20T10:00,6.0,63,10.4,50.9419548046176
2026-03-20T11:00,7.3,60,13.9,55.9419548046176
2026-03-20T12:00,8.9,59,15.5,55.9419548046176
2026-03-20T13:00,9.7,60,18.8,55.9419548046176
2026-03-20T14:00,9.9,62,19.0,55.9419548046176
2026-03-20T15:00,10.9,61,21.6,55.9419548046176
2026-03-20T16:00,12.3,56,23.2,60.9419548046176
2026-03-20T17:00,11.6,60,24.6,60.9419548046176
2026-03-20T18:00,12.3,59,25.4,60.9419548046176
2026-03-20T19:00,11.5,62,20.9,60.9419548046176
2026-03-20T20:00,10.9,74,15.8,50.9419548046176
2026-03-20T21:00,9.6,84,15.6,50.9419548046176
2026-03-20T22:00,10.5,83,24.8,50.9419548046176
2026-03-20T23:00,10.2,93,17.4,50.9419548046176
2026-03-21T00:00,9.8,99,7.4,44.7664726512619
2026-03-21T01:00,9.7,98,9.6,44.7664726512619
2026-03-21T02:00,9.8,96,10.6,44.7664726512619
2026-03-21T03:00,9.2,97,9.5,44.7664726512619
2026-03-21T04:00,9.3,98,6.4,44.7664726512619
2026-03-21T05:00,9.4,98,7.2,44.7664726512619
2026-03-21T06:00,9.3,96,12.7,44.7664726512619
2026-03-21T07:00,9.4,87,11.8,54.7664726512619
2026-03-21T08:00,9.3,79,14.0,54.7664726512619
2026-03-21T09:00,9.4,71,18.9,54.7664726512619
2026-03-21T10:00,9.6,61,25.5,44.7664726512619
2026-03-21T11:00,9.8,57,23.4,49.7664726512619
2026-03-21T12:00,10.7,53,16.9,49.7664726512619
2026-03-21T13:00,11.8,46,17.3,49.7664726512619
2026-03-21T14:00,12.7,42,14.8,49.7664726512619
2026-03-21T15:00,13.1,39,15.5,49.7664726512619
2026-03-21T16:00,13.3,38,14.8,54.7664726512619
2026-03-21T17:00,13.1,37,17.4,54.7664726512619
2026-03-21T18:00,12.4,38,19.0,54.7664726512619
2026-03-21T19:00,11.4,41,15.9,54.7664726512619
2026-03-21T20:00,10.7,46,11.1,44.7664726512619
2026-03-21T21:00,9.7,49,14.0,44.7664726512619
2026-03-21T22:00,8.7,50,13.2,44.7664726512619
2026-03-21T23:00,8.2,51,12.7,44.7664726512619
2026-03-22T00:00,7.8,52,11.8,50.533752569131465
2026-03-22T01:00,7.6,52,11.3,50.533752569131465
2026-03-22T02:00,7.3,55,7.3,50.533752569131465
2026-03-22T03:00,7.1,55,5.6,50.533752569131465
2026-03-22T04:00,7.2,55,14.2,50.533752569131465
2026-03-22T05:00,7.0,60,12.6,50.533752569131465
2026-03-22T06:00,7.0,66,14.2,50.533752569131465
2026-03-22T07:00,6.9,70,17.4,60.533752569131465
2026-03-22T08:00,7.2,72,15.6,60.533752569131465
2026-03-22T09:00,7.8,68,20.6,60.533752569131465
2026-03-22T10:00,8.7,68,21.6,50.533752569131465
2026-03-22T11:00,10.1,67,15.9,55.533752569131465
2026-03-22T12:00,12.1,66,13.4,55.533752569131465
2026-03-22T13:00,13.7,65,13.7,55.533752569131465
2026-03-22T14:00,14.4,63,6.0,55.533752569131465
2026-03-22T15:00,14.8,61,11.7,55.533752569131465
2026-03-22T16:00,13.8,64,11.9,60.533752569131465
2026-03-22T17:00,12.8,68,12.3,60.533752569131465
2026-03-22T18:00,13.7,65,11.0,60.533752569131465
2026-03-22T19:00,14.0,65,5.1,60.533752569131465
2026-03-22T20:00,12.1,77,11.4,50.533752569131465
2026-03-22T21:00,12.3,82,10.3,50.533752569131465
2026-03-22T22:00,11.9,89,8.4,50.533752569131465
2026-03-22T23:00,11.2,89,8.7,50.533752569131465
2026-03-23T00:00,11.3,89,5.8,32.42467452318942
2026-03-23T01:00,10.8,90,4.8,32.42467452318942
2026-03-23T02:00,11.3,91,11.5,32.42467452318942
2026-03-23T03:00,9.9,84,17.4,32.42467452318942
2026-03-23T04:00,9.2,83,21.5,32.42467452318942
2026-03-23T05:00,8.3,86,15.3,32.42467452318942
2026-03-23T06:00,8.0,89,16.5,32.42467452318942
2026-03-23T07:00,7.5,88,16.2,42.42467452318942
2026-03-23T08:00,6.7,83,20.3,42.42467452318942
2026-03-23T09:00,6.5,82,19.3,42.42467452318942
2026-03-23T10:00,6.2,78,18.8,32.42467452318942
2026-03-23T11:00,4.4,92,15.2,37.42467452318942
2026-03-23T12:00,4.9,91,12.8,37.42467452318942
2026-03-23T13:00,4.0,93,15.0,37.42467452318942
2026-03-23T14:00,4.0,92,14.2,37.42467452318942
2026-03-23T15:00,4.6,88,15.0,37.42467452318942
2026-03-23T16:00,4.9,82,17.1,42.42467452318942
2026-03-23T17:00,4.9,84,12.4,42.42467452318942
2026-03-23T18:00,4.7,83,14.1,42.42467452318942
2026-03-23T19:00,3.6,73,21.8,42.42467452318942
2026-03-23T20:00,2.8,66,24.8,32.42467452318942
2026-03-23T21:00,2.2,67,19.2,32.42467452318942
2026-03-23T22:00,1.4,62,18.4,32.42467452318942
2026-03-23T23:00,0.5,61,19.1,32.42467452318942
2026-03-24T00:00,0.3,60,19.3,35.85431572476228
2026-03-24T01:00,0.2,60,16.3,35.85431572476228
2026-03-24T02:00,0.0,64,12.2,35.85431572476228
2026-03-24T03:00,-0.2,66,10.7,35.85431572476228
2026-03-24T04:00,-0.3,67,11.3,35.85431572476228
2026-03-24T05:00,-0.5,69,9.0,35.85431572476228
2026-03-24T06:00,-0.3,69,9.0,35.85431572476228
2026-03-24T07:00,-0.7,71,8.9,45.85431572476228
2026-03-24T08:00,0.4,67,13.0,45.85431572476228
2026-03-24T09:00,1.9,56,15.3,45.85431572476228
2026-03-24T10:00,3.5,46,15.9,35.85431572476228
2026-03-24T11:00,5.0,41,16.5,40.85431572476228
2026-03-24T12:00,6.5,38,16.8,40.85431572476228
2026-03-24T13:00,7.3,34,10.5,40.85431572476228
2026-03-24T14:00,8.1,36,5.9,40.85431572476228
2026-03-24T15:00,8.8,32,6.3,40.85431572476228
2026-03-24T16:00,9.0,29,10.5,45.85431572476228
2026-03-24T17:00,9.1,28,11.3,45.85431572476228
2026-03-24T18:00,6.8,36,19.3,45.85431572476228
2026-03-24T19:00,4.9,40,19.2,45.85431572476228
2026-03-24T20:00,4.4,41,16.3,35.85431572476228
2026-03-24T21:00,3.8,49,13.6,35.85431572476228
2026-03-24T22:00,3.8,51,11.9,35.85431572476228
2026-03-24T23:00,3.6,56,9.4,35.85431572476228
2026-03-25T00:00,3.4,53,9.2,42.46451730986732
2026-03-25T01:00,3.2,60,8.7,42.46451730986732
2026-03-25T02:00,3.2,54,10.8,42.46451730986732
2026-03-25T03:00,2.3,64,9.7,42.46451730986732
2026-03-25T04:00,1.8,72,9.9,42.46451730986732
2026-03-25T05:00,1.4,71,7.8,42.46451730986732
2026-03-25T06:00,1.3,71,5.8,42.46451730986732
2026-03-25T07:00,0.9,73,6.8,52.46451730986732
2026-03-25T08:00,2.5,74,5.4,52.46451730986732
2026-03-25T09:00,4.9,63,2.3,52.46451730986732
2026-03-25T10:00,6.9,46,1.8,42.46451730986732
2026-03-25T11:00,8.4,42,0.4,47.46451730986732
2026-03-25T12:00,9.8,40,8.0,47.46451730986732
2026-03-25T13:00,11.0,33,9.9,47.46451730986732
2026-03-25T14:00,11.6,32,13.8,47.46451730986732
2026-03-25T15:00,11.8,39,17.2,47.46451730986732
2026-03-25T16:00,10.4,51,21.4,52.46451730986732
2026-03-25T17:00,10.1,45,22.7,52.46451730986732
2026-03-25T18:00,9.8,43,21.4,52.46451730986732
2026-03-25T19:00,8.8,43,24.0,52.46451730986732
2026-03-25T20:00,8.5,41,25.0,42.46451730986732
2026-03-25T21:00,7.6,56,22.7,42.46451730986732
2026-03-25T22:00,7.4,60,17.8,42.46451730986732
2026-03-25T23:00,7.2,65,15.5,42.46451730986732
2026-03-26T00:00,6.8,70,9.4,65.72326624221817
2026-03-26T01:00,6.8,73,9.2,65.72326624221817
2026-03-26T02:00,6.8,74,9.8,65.72326624221817
2026-03-26T03:00,7.2,72,6.2,65.72326624221817
2026-03-26T04:00,7.6,74,6.3,65.72326624221817
2026-03-26T05:00,7.7,76,10.8,65.72326624221817
2026-03-26T06:00,7.6,75,11.5,65.72326624221817
2026-03-26T07:00,8.6,74,11.8,75.72326624221817
2026-03-26T08:00,9.4,78,7.3,75.72326624221817
2026-03-26T09:00,10.3,74,11.9,75.72326624221817
2026-03-26T10:00,13.0,65,16.2,65.72326624221817
2026-03-26T11:00,15.4,55,21.7,70.72326624221817
2026-03-26T12:00,18.2,42,18.6,70.72326624221817
2026-03-26T13:00,20.5,37,16.4,70.72326624221817
2026-03-26T14:00,22.1,36,18.4,70.72326624221817
2026-03-26T15:00,23.2,36,18.8,70.72326624221817
2026-03-26T16:00,23.8,31,18.4,75.72326624221817
2026-03-26T17:00,23.9,32,19.7,75.72326624221817
2026-03-26T18:00,22.5,38,15.9,75.72326624221817
2026-03-26T19:00,19.7,40,13.0,75.72326624221817
2026-03-26T20:00,19.0,46,18.4,65.72326624221817
2026-03-26T21:00,19.0,51,19.5,65.72326624221817
2026-03-26T22:00,19.1,52,23.6,65.72326624221817
2026-03-26T23:00,18.6,55,18.3,65.72326624221817
2026-03-27T00:00,18.8,52,13.6,37.90478629065173
2026-03-27T01:00,16.8,73,12.8,37.90478629065173
2026-03-27T02:00,16.8,82,17.1,37.90478629065173
2026-03-27T03:00,16.4,87,10.7,37.90478629065173
2026-03-27T04:00,15.5,87,8.6,37.90478629065173
2026-03-27T05:00,15.3,83,7.2,37.90478629065173
2026-03-27T06:00,15.0,79,11.0,37.90478629065173
2026-03-27T07:00,14.8,75,16.6,47.90478629065173
2026-03-27T08:00,12.9,69,25.0,47.90478629065173
2026-03-27T09:00,12.4,65,21.4,47.90478629065173
2026-03-27T10:00,10.7,58,22.7,37.90478629065173
2026-03-27T11:00,11.4,51,25.0,42.90478629065173
2026-03-27T12:00,12.1,48,20.2,42.90478629065173
2026-03-27T13:00,11.8,46,22.1,42.90478629065173
2026-03-27T14:00,11.6,42,22.0,42.90478629065173
2026-03-27T15:00,10.6,44,19.6,42.90478629065173
2026-03-27T16:00,10.1,47,16.5,47.90478629065173
2026-03-27T17:00,9.5,43,14.1,47.90478629065173
2026-03-27T18:00,8.6,45,14.8,47.90478629065173
2026-03-27T19:00,8.4,43,13.5,47.90478629065173
2026-03-27T20:00,7.4,39,7.4,37.90478629065173
2026-03-27T21:00,6.6,34,8.8,37.90478629065173
2026-03-27T22:00,5.3,34,3.5,37.90478629065173
2026-03-27T23:00,4.8,38,3.9,37.90478629065173
2026-03-28T00:00,4.4,40,4.6,37.667732917313316
2026-03-28T01:00,3.7,40,15.2,37.667732917313316
2026-03-28T02:00,3.1,44,11.7,37.667732917313316
2026-03-28T03:00,1.6,52,12.6,37.667732917313316
2026-03-28T04:00,1.1,48,15.2,37.667732917313316
2026-03-28T05:00,0.7,53,11.5,37.667732917313316
2026-03-28T06:00,-0.0,52,13.6,37.667732917313316
2026-03-28T07:00,-0.5,56,12.2,47.667732917313316
2026-03-28T08:00,-0.4,53,17.2,47.667732917313316
2026-03-28T09:00,0.4,51,16.7,47.667732917313316
2026-03-28T10:00,1.5,43,20.9,37.667732917313316
2026-03-28T11:00,2.9,35,19.0,42.667732917313316
2026-03-28T12:00,4.0,29,21.1,42.667732917313316
2026-03-28T13:00,5.0,27,20.1,42.667732917313316
2026-03-28T14:00,5.8,26,21.5,42.667732917313316
2026-03-28T15:00,6.4,23,22.1,42.667732917313316
2026-03-28T16:00,6.7,23,24.1,47.667732917313316
2026-03-28T17:00,6.5,23,25.6,47.667732917313316
2026-03-28T18:00,6.1,22,21.1,47.667732917313316
2026-03-28T19:00,5.0,23,17.5,47.667732917313316
2026-03-28T20:00,3.6,26,12.5,37.667732917313316
2026-03-28T21:00,2.9,29,8.1,37.667732917313316
2026-03-28T22:00,1.9,32,8.1,37.667732917313316
2026-03-28T23:00,0.7,43,6.2,37.667732917313316
2026-03-29T00:00,0.3,42,2.3,40.408472897044604
2026-03-29T01:00,0.6,36,1.5,40.408472897044604
2026-03-29T02:00,0.6,29,1.9,40.408472897044604
2026-03-29T03:00,-0.2,35,0.5,40.408472897044604
2026-03-29T04:00,-0.3,43,0.8,40.408472897044604
2026-03-29T05:00,-0.5,43,1.4,40.408472897044604
2026-03-29T06:00,-0.7,55,2.5,40.408472897044604
2026-03-29T07:00,-0.5,55,2.6,50.408472897044604
2026-03-29T08:00,1.2,62,5.0,50.408472897044604
2026-03-29T09:00,4.1,63,10.0,50.408472897044604
2026-03-29T10:00,6.5,56,10.1,40.408472897044604
2026-03-29T11:00,7.7,51,12.0,45.408472897044604
2026-03-29T12:00,9.1,39,10.2,45.408472897044604
2026-03-29T13:00,10.5,29,13.2,45.408472897044604
2026-03-29T14:00,11.7,34,19.6,45.408472897044604
2026-03-29T15:00,12.1,29,22.1,45.408472897044604
2026-03-29T16:00,11.8,39,25.1,50.408472897044604
2026-03-29T17:00,11.9,40,22.2,50.408472897044604
2026-03-29T18:00,10.7,49,21.3,50.408472897044604
2026-03-29T19:00,9.3,48,23.4,50.408472897044604
2026-03-29T20:00,8.3,48,22.7,40.408472897044604
2026-03-29T21:00,7.4,52,14.8,40.408472897044604
2026-03-29T22:00,7.5,55,17.0,40.408472897044604
2026-03-29T23:00,7.7,59,15.5,40.408472897044604
2026-03-30T00:00,7.3,58,17.4,45.62320249475387
2026-03-30T01:00,7.1,61,13.0,45.62320249475387
2026-03-30T02:00,6.6,69,9.7,45.62320249475387
2026-03-30T03:00,6.3,69,8.8,45.62320249475387
2026-03-30T04:00,6.1,73,7.3,45.62320249475387
2026-03-30T05:00,5.8,78,9.0,45.62320249475387
2026-03-30T06:00,5.7,80,6.9,45.62320249475387
2026-03-30T07:00,6.9,78,8.7,55.62320249475387
2026-03-30T08:00,8.5,83,11.8,55.62320249475387
2026-03-30T09:00,9.9,78,16.7,55.62320249475387
2026-03-30T10:00,13.3,68,21.9,45.62320249475387
2026-03-30T11:00,15.9,55,22.7,50.62320249475387
2026-03-30T12:00,18.4,42,22.9,50.62320249475387
2026-03-30T13:00,20.4,40,23.5,50.62320249475387
2026-03-30T14:00,21.5,35,22.6,50.62320249475387
2026-03-30T15:00,22.2,33,24.4,50.62320249475387
2026-03-30T16:00,22.4,34,24.9,55.62320249475387
2026-03-30T17:00,21.9,36,24.1,55.62320249475387
2026-03-30T18:00,21.2,41,23.7,55.62320249475387
2026-03-30T19:00,19.6,42,18.2,55.62320249475387
2026-03-30T20:00,18.7,46,18.1,45.62320249475387
2026-03-30T21:00,18.0,54,17.7,45.62320249475387
2026-03-30T22:00,17.1,56,13.8,45.62320249475387
2026-03-30T23:00,16.6,56,10.9,45.62320249475387
2026-03-31T00:00,16.2,56,12.2,52.668851652815846
2026-03-31T01:00,15.7,62,9.8,52.668851652815846
2026-03-31T02:00,15.4,69,6.1,52.668851652815846
2026-03-31T03:00,15.7,71,10.3,52.668851652815846
2026-03-31T04:00,15.7,73,9.3,52.668851652815846
2026-03-31T05:00,15.4,76,7.6,52.668851652815846
2026-03-31T06:00,15.0,70,13.7,52.668851652815846
2026-03-31T07:00,15.5,69,13.8,62.668851652815846
2026-03-31T08:00,16.3,64,16.6,62.668851652815846
2026-03-31T09:00,18.2,62,20.9,62.668851652815846
2026-03-31T10:00,20.6,55,19.6,52.668851652815846
2026-03-31T11:00,22.7,48,19.7,57.668851652815846
2026-03-31T12:00,24.6,48,22.3,57.668851652815846
2026-03-31T13:00,25.9,45,24.0,57.668851652815846
2026-03-31T14:00,25.9,47,24.7,57.668851652815846
2026-03-31T15:00,26.7,45,20.9,57.668851652815846
2026-03-31T16:00,27.6,38,21.2,62.668851652815846
2026-03-31T17:00,26.1,40,24.9,62.668851652815846
2026-03-31T18:00,25.8,44,23.5,62.668851652815846
2026-03-31T19:00,24.8,44,18.2,62.668851652815846
2026-03-31T20:00,23.7,44,16.3,52.668851652815846
2026-03-31T21:00,22.4,51,13.0,52.668851652815846
2026-03-31T22:00,21.3,55,14.4,52.668851652815846
2026-03-31T23:00,20.3,62,15.9,52.668851652815846
2026-04-01T00:00,20.0,59,12.8,46.73741862836254
2026-04-01T01:00,19.7,58,16.0,46.73741862836254
2026-04-01T02:00,19.7,58,15.2,46.73741862836254
2026-04-01T03:00,20.3,56,18.4,46.73741862836254
2026-04-01T04:00,19.6,60,14.6,46.73741862836254
2026-04-01T05:00,19.1,63,11.1,46.73741862836254
2026-04-01T06:00,18.8,60,10.7,46.73741862836254
2026-04-01T07:00,18.1,63,5.9,56.73741862836254
2026-04-01T08:00,19.4,59,9.3,56.73741862836254
2026-04-01T09:00,20.8,63,14.3,56.73741862836254
2026-04-01T10:00,23.0,57,15.1,46.73741862836254
2026-04-01T11:00,23.5,51,20.1,51.73741862836254
2026-04-01T12:00,23.3,54,15.8,51.73741862836254
2026-04-01T13:00,25.4,52,15.3,51.73741862836254
2026-04-01T14:00,25.2,47,19.7,51.73741862836254
2026-04-01T15:00,25.7,45,17.4,51.73741862836254
2026-04-01T16:00,24.3,51,22.0,56.73741862836254
2026-04-01T17:00,22.6,58,16.9,56.73741862836254
2026-04-01T18:00,21.8,61,20.7,56.73741862836254
2026-04-01T19:00,19.6,66,20.6,56.73741862836254
2026-04-01T20:00,17.6,63,22.4,46.73741862836254
2026-04-01T21:00,15.4,67,16.8,46.73741862836254
2026-04-01T22:00,14.4,72,16.9,46.73741862836254
2026-04-01T23:00,13.6,76,14.4,46.73741862836254
2026-04-02T00:00,12.5,80,17.1,30.181964094986938
2026-04-02T01:00,11.3,89,18.1,30.181964094986938
2026-04-02T02:00,10.6,87,16.9,30.181964094986938
2026-04-02T03:00,9.5,81,19.5,30.181964094986938
2026-04-02T04:00,9.1,82,17.9,30.181964094986938
2026-04-02T05:00,8.5,88,17.7,30.181964094986938
2026-04-02T06:00,7.7,89,18.6,30.181964094986938
2026-04-02T07:00,7.1,88,16.8,40.18196409498694
2026-04-02T08:00,6.8,89,15.4,40.18196409498694
2026-04-02T09:00,6.6,90,16.2,40.18196409498694
2026-04-02T10:00,6.2,88,16.4,30.181964094986938
2026-04-02T11:00,6.2,90,18.4,35.18196409498694
2026-04-02T12:00,6.4,89,17.4,35.18196409498694
2026-04-02T13:00,6.2,87,15.8,35.18196409498694
2026-04-02T14:00,6.8,86,17.1,35.18196409498694
2026-04-02T15:00,6.2,89,13.9,35.18196409498694
2026-04-02T16:00,6.6,87,12.5,40.18196409498694
2026-04-02T17:00,6.6,90,12.2,40.18196409498694
2026-04-02T18:00,6.4,85,11.8,40.18196409498694
2026-04-02T19:00,6.4,86,10.5,40.18196409498694
2026-04-02T20:00,6.1,86,11.7,30.181964094986938
2026-04-02T21:00,5.9,89,12.1,30.181964094986938
2026-04-02T22:00,5.4,92,10.2,30.181964094986938
2026-04-02T23:00,5.1,92,11.3,30.181964094986938
2026-04-03T00:00,5.0,94,10.6,40.71656789881871
2026-04-03T01:00,4.8,95,9.7,40.71656789881871
2026-04-03T02:00,4.9,95,10.2,40.71656789881871
2026-04-03T03:00,4.7,97,8.5,40.71656789881871
2026-04-03T04:00,4.8,96,7.4,40.71656789881871
2026-04-03T05:00,5.0,96,7.7,40.71656789881871
2026-04-03T06:00,5.4,95,6.4,40.71656789881871
2026-04-03T07:00,5.2,97,4.8,50.71656789881871
2026-04-03T08:00,5.7,97,3.1,50.71656789881871
2026-04-03T09:00,6.3,96,3.3,50.71656789881871
2026-04-03T10:00,6.6,99,3.9,40.71656789881871
2026-04-03T11:00,7.9,99,3.4,45.71656789881871
2026-04-03T12:00,9.7,93,11.4,45.71656789881871
2026-04-03T13:00,10.9,88,11.8,45.71656789881871
2026-04-03T14:00,13.0,83,14.0,45.71656789881871
2026-04-03T15:00,15.4,79,16.1,45.71656789881871
2026-04-03T16:00,16.5,74,17.4,50.71656789881871
2026-04-03T17:00,17.8,71,14.9,50.71656789881871
2026-04-03T18:00,18.8,69,13.3,50.71656789881871
2026-04-03T19:00,17.7,74,8.7,50.71656789881871
2026-04-03T20:00,15.8,83,7.3,40.71656789881871
2026-04-03T21:00,15.8,76,7.9,40.71656789881871
2026-04-03T22:00,15.2,84,7.3,40.71656789881871
2026-04-03T23:00,15.2,81,5.2,40.71656789881871
2026-04-04T00:00,14.8,84,5.7,46.53767604880647
2026-04-04T01:00,15.2,86,11.4,46.53767604880647
2026-04-04T02:00,15.3,88,8.4,46.53767604880647
2026-04-04T03:00,15.4,87,5.3,46.53767604880647
2026-04-04T04:00,15.2,87,8.0,46.53767604880647
2026-04-04T05:00,14.7,88,5.7,46.53767604880647
2026-04-04T06:00,14.3,86,2.6,46.53767604880647
2026-04-04T07:00,14.3,88,4.5,56.53767604880647
2026-04-04T08:00,16.3,88,5.1,56.53767604880647
2026-04-04T09:00,18.7,74,13.5,56.53767604880647
2026-04-04T10:00,19.2,70,16.9,46.53767604880647
2026-04-04T11:00,21.1,60,13.4,51.53767604880647
2026-04-04T12:00,21.2,59,12.8,51.53767604880647
2026-04-04T13:00,21.3,58,12.8,51.53767604880647
2026-04-04T14:00,22.9,51,11.9,51.53767604880647
2026-04-04T15:00,20.0,57,23.7,51.53767604880647
2026-04-04T16:00,16.6,59,24.8,56.53767604880647
2026-04-04T17:00,13.5,68,21.9,56.53767604880647
2026-04-04T18:00,11.0,68,22.4,56.53767604880647
2026-04-04T19:00,9.6,67,23.8,56.53767604880647
2026-04-04T20:00,8.4,74,22.0,46.53767604880647
2026-04-04T21:00,7.7,75,21.1,46.53767604880647
2026-04-04T22:00,7.1,81,21.7,46.53767604880647
2026-04-04T23:00,6.0,91,17.3,46.53767604880647
2026-04-05T00:00,5.5,94,15.5,36.36007884097168
2026-04-05T01:00,5.5,93,15.1,36.36007884097168
2026-04-05T02:00,5.7,96,13.0,36.36007884097168
2026-04-05T03:00,6.1,95,13.6,36.36007884097168
2026-04-05T04:00,6.5,95,12.3,36.36007884097168
2026-04-05T05:00,6.5,99,10.2,36.36007884097168
2026-04-05T06:00,7.0,99,8.4,36.36007884097168
2026-04-05T07:00,7.2,96,5.2,46.36007884097168
2026-04-05T08:00,7.1,97,9.2,46.36007884097168
2026-04-05T09:00,7.5,100,7.3,46.36007884097168
2026-04-05T10:00,9.4,100,1.9,36.36007884097168
2026-04-05T11:00,10.2,100,3.2,41.36007884097168
2026-04-05T12:00,11.4,95,14.4,41.36007884097168
2026-04-05T13:00,11.8,97,1.8,41.36007884097168
2026-04-05T14:00,13.6,95,12.1,41.36007884097168
2026-04-05T15:00,13.4,93,16.1,41.36007884097168
2026-04-05T16:00,13.2,93,14.9,46.36007884097168
2026-04-05T17:00,13.0,94,16.3,46.36007884097168
2026-04-05T18:00,13.6,83,15.0,46.36007884097168
2026-04-05T19:00,13.1,76,16.9,46.36007884097168
2026-04-05T20:00,10.7,81,16.5,36.36007884097168
2026-04-05T21:00,10.2,71,16.7,36.36007884097168
2026-04-05T22:00,9.5,66,11.5,36.36007884097168
2026-04-05T23:00,9.5,68,10.5,36.36007884097168
2026-04-06T00:00,8.8,61,18.0,34.80895375526619
2026-04-06T01:00,7.5,61,9.7,34.80895375526619
2026-04-06T02:00,8.7,49,17.7,34.80895375526619
2026-04-06T03:00,7.3,51,24.5,34.80895375526619
2026-04-06T04:00,6.4,50,27.8,34.80895375526619
2026-04-06T05:00,4.8,49,26.9,34.80895375526619
2026-04-06T06:00,4.2,49,21.9,34.80895375526619
2026-04-06T07:00,3.9,55,13.8,44.80895375526619
2026-04-06T08:00,5.4,53,14.4,44.80895375526619
2026-04-06T09:00,6.2,53,21.6,44.80895375526619
2026-04-06T10:00,7.2,49,21.7,34.80895375526619
2026-04-06T11:00,8.8,45,21.5,39.80895375526619
2026-04-06T12:00,10.3,40,22.1,39.80895375526619
2026-04-06T13:00,11.4,35,23.8,39.80895375526619
2026-04-06T14:00,12.0,34,24.8,39.80895375526619
2026-04-06T15:00,12.9,31,23.7,39.80895375526619
2026-04-06T16:00,13.4,27,20.1,44.80895375526619
2026-04-06T17:00,13.2,28,15.7,44.80895375526619
2026-04-06T18:00,13.0,25,14.1,44.80895375526619
2026-04-06T19:00,12.0,28,13.7,44.80895375526619
2026-04-06T20:00,10.9,34,10.2,34.80895375526619
2026-04-06T21:00,10.3,37,4.3,34.80895375526619
2026-04-06T22:00,8.7,44,5.7,34.80895375526619
2026-04-06T23:00,8.1,40,6.9,34.80895375526619
2026-04-07T00:00,7.1,52,5.2,36.224488455550556
2026-04-07T01:00,6.9,61,3.2,36.224488455550556
2026-04-07T02:00,7.9,55,11.3,36.224488455550556
2026-04-07T03:00,8.0,50,0.4,36.224488455550556
2026-04-07T04:00,7.2,53,3.3,36.224488455550556
2026-04-07T05:00,7.7,61,3.1,36.224488455550556
2026-04-07T06:00,7.7,64,8.2,36.224488455550556
2026-04-07T07:00,7.8,56,18.9,46.224488455550556
2026-04-07T08:00,8.3,55,19.5,46.224488455550556
2026-04-07T09:00,9.7,52,20.5,46.224488455550556
2026-04-07T10:00,11.1,45,24.8,36.224488455550556
2026-04-07T11:00,11.9,36,25.0,41.224488455550556
2026-04-07T12:00,11.7,41,27.5,41.224488455550556
2026-04-07T13:00,12.7,33,27.6,41.224488455550556
2026-04-07T14:00,13.2,27,27.9,41.224488455550556
2026-04-07T15:00,12.6,23,31.9,41.224488455550556
2026-04-07T16:00,10.7,23,33.7,46.224488455550556
2026-04-07T17:00,9.4,24,30.1,46.224488455550556
2026-04-07T18:00,8.6,24,27.5,46.224488455550556
2026-04-07T19:00,6.8,24,27.0,46.224488455550556
2026-04-07T20:00,5.5,30,24.8,36.224488455550556
2026-04-07T21:00,3.6,35,21.1,36.224488455550556
2026-04-07T22:00,2.6,37,22.7,36.224488455550556
2026-04-07T23:00,1.4,41,22.3,36.224488455550556
2026-04-08T00:00,0.6,43,18.1,34.704990979438996
2026-04-08T01:00,-0.0,45,13.1,34.704990979438996
2026-04-08T02:00,-0.5,46,10.0,34.704990979438996
2026-04-08T03:00,-1.1,53,11.3,34.704990979438996
2026-04-08T04:00,-1.2,59,12.7,34.704990979438996
2026-04-08T05:00,-1.1,59,13.4,34.704990979438996
2026-04-08T06:00,-1.3,56,15.2,34.704990979438996
2026-04-08T07:00,-1.4,57,13.7,44.704990979438996
2026-04-08T08:00,-0.2,55,17.2,44.704990979438996
2026-04-08T09:00,1.4,48,16.7,44.704990979438996
2026-04-08T10:00,3.0,45,16.6,34.704990979438996
2026-04-08T11:00,4.7,43,11.8,39.704990979438996
2026-04-08T12:00,6.4,38,9.2,39.704990979438996
2026-04-08T13:00,7.8,28,10.3,39.704990979438996
2026-04-08T14:00,9.1,17,7.4,39.704990979438996
2026-04-08T15:00,9.7,25,6.8,39.704990979438996
2026-04-08T16:00,8.8,37,13.6,44.704990979438996
2026-04-08T17:00,7.6,41,14.6,44.704990979438996
2026-04-08T18:00,6.4,44,15.5,44.704990979438996
2026-04-08T19:00,5.1,49,14.5,44.704990979438996
2026-04-08T20:00,4.1,55,13.3,34.704990979438996
2026-04-08T21:00,3.1,65,10.4,34.704990979438996
2026-04-08T22:00,2.8,69,7.4,34.704990979438996
2026-04-08T23:00,2.4,72,6.9,34.704990979438996
2026-04-09T00:00,2.0,74,6.0,40.04330850871333
2026-04-09T01:00,1.3,78,5.0,40.04330850871333
2026-04-09T02:00,1.3,77,6.6,40.04330850871333
2026-04-09T03:00,0.8,82,1.6,40.04330850871333
2026-04-09T04:00,0.0,83,3.2,40.04330850871333
2026-04-09T05:00,-0.1,84,4.8,40.04330850871333
2026-04-09T06:00,-0.3,84,1.3,40.04330850871333
2026-04-09T07:00,-0.3,89,2.3,50.04330850871333
2026-04-09T08:00,3.0,89,6.0,50.04330850871333
2026-04-09T09:00,5.0,80,7.8,50.04330850871333
2026-04-09T10:00,6.4,69,9.4,40.04330850871333
2026-04-09T11:00,7.5,66,11.7,45.04330850871333
2026-04-09T12:00,8.8,63,14.4,45.04330850871333
2026-04-09T13:00,9.3,60,14.7,45.04330850871333
2026-04-09T14:00,9.5,59,18.3,45.04330850871333
2026-04-09T15:00,9.7,62,16.3,45.04330850871333
2026-04-09T16:00,9.4,60,17.6,50.04330850871333
2026-04-09T17:00,8.9,60,17.6,50.04330850871333
2026-04-09T18:00,8.1,66,17.3,50.04330850871333
2026-04-09T19:00,6.9,72,16.5,50.04330850871333
2026-04-09T20:00,5.8,78,12.0,40.04330850871333
2026-04-09T21:00,5.6,80,10.5,40.04330850871333
2026-04-09T22:00,5.8,81,9.6,40.04330850871333
2026-04-09T23:00,6.2,83,8.3,40.04330850871333
2026-04-10T00:00,6.3,81,7.3,46.72724130599899
2026-04-10T01:00,5.9,82,6.6,46.72724130599899
2026-04-10T02:00,5.9,83,8.1,46.72724130599899
2026-04-10T03:00,5.8,85,6.2,46.72724130599899
2026-04-10T04:00,5.7,87,9.2,46.72724130599899
2026-04-10T05:00,5.2,88,6.3,46.72724130599899
2026-04-10T06:00,4.5,88,5.6,46.72724130599899
2026-04-10T07:00,4.7,90,3.3,56.72724130599899
2026-04-10T08:00,6.0,85,7.9,56.72724130599899
2026-04-10T09:00,6.5,84,6.6,56.72724130599899
2026-04-10T10:00,8.4,74,7.0,46.72724130599899
2026-04-10T11:00,10.5,74,11.8,51.72724130599899
2026-04-10T12:00,12.3,64,11.4,51.72724130599899
2026-04-10T13:00,13.8,61,13.0,51.72724130599899
2026-04-10T14:00,15.5,55,14.7,51.72724130599899
2026-04-10T15:00,15.4,54,17.2,51.72724130599899
2026-04-10T16:00,13.9,63,17.7,56.72724130599899
2026-04-10T17:00,12.6,65,20.6,56.72724130599899
2026-04-10T18:00,10.5,68,19.4,56.72724130599899
2026-04-10T19:00,10.2,72,17.4,56.72724130599899
2026-04-10T20:00,9.5,78,15.3,46.72724130599899
2026-04-10T21:00,9.9,75,10.2,46.72724130599899
2026-04-10T22:00,10.0,74,5.2,46.72724130599899
2026-04-10T23:00,11.0,64,7.0,46.72724130599899
2026-04-11T00:00,11.3,65,3.1,36.818323652303064
2026-04-11T01:00,11.7,66,7.9,36.818323652303064
2026-04-11T02:00,12.4,57,7.2,36.818323652303064
2026-04-11T03:00,11.8,63,8.6,36.818323652303064
2026-04-11T04:00,11.3,64,5.6,36.818323652303064
2026-04-11T05:00,11.9,61,8.7,36.818323652303064
2026-04-11T06:00,11.7,70,10.6,36.818323652303064
2026-04-11T07:00,11.4,63,20.2,46.818323652303064
2026-04-11T08:00,11.8,59,23.4,46.818323652303064
2026-04-11T09:00,12.1,52,24.7,46.818323652303064
2026-04-11T10:00,13.3,44,25.5,36.818323652303064
2026-04-11T11:00,14.0,40,23.8,41.818323652303064
2026-04-11T12:00,15.3,38,24.3,41.818323652303064
2026-04-11T13:00,16.3,34,23.4,41.818323652303064
2026-04-11T14:00,16.9,34,25.3,41.818323652303064
2026-04-11T15:00,17.7,28,24.0,41.818323652303064
2026-04-11T16:00,17.8,27,23.5,46.818323652303064
2026-04-11T17:00,17.4,26,24.5,46.818323652303064
2026-04-11T18:00,17.2,24,21.8,46.818323652303064
2026-04-11T19:00,16.2,25,18.9,46.818323652303064
2026-04-11T20:00,14.6,26,15.8,36.818323652303064
2026-04-11T21:00,13.7,27,15.1,36.818323652303064
2026-04-11T22:00,12.6,29,15.5,36.818323652303064
2026-04-11T23:00,11.4,32,10.8,36.818323652303064
2026-04-12T00:00,10.6,36,13.3,38.693691431821364
2026-04-12T01:00,9.2,43,13.2,38.693691431821364
2026-04-12T02:00,8.1,44,11.8,38.693691431821364
2026-04-12T03:00,6.9,48,5.2,38.693691431821364
2026-04-12T04:00,6.0,50,5.1,38.693691431821364
2026-04-12T05:00,5.1,53,5.1,38.693691431821364
2026-04-12T06:00,4.3,58,4.0,38.693691431821364
2026-04-12T07:00,4.4,59,3.8,48.693691431821364
2026-04-12T08:00,7.1,50,8.9,48.693691431821364
2026-04-12T09:00,9.3,43,11.8,48.693691431821364
2026-04-12T10:00,10.9,43,9.0,38.693691431821364
2026-04-12T11:00,11.5,44,17.3,43.693691431821364
2026-04-12T12:00,11.7,43,20.4,43.693691431821364
2026-04-12T13:00,12.1,46,19.5,43.693691431821364
2026-04-12T14:00,12.4,44,21.6,43.693691431821364
2026-04-12T15:00,12.1,41,21.0,43.693691431821364
2026-04-12T16:00,11.6,42,21.9,48.693691431821364
2026-04-12T17:00,11.0,51,20.4,48.693691431821364
2026-04-12T18:00,9.5,62,19.9,48.693691431821364
2026-04-12T19:00,8.6,73,17.3,48.693691431821364
2026-04-12T20:00,8.0,76,16.6,38.693691431821364
2026-04-12T21:00,8.2,79,13.0,38.693691431821364
2026-04-12T22:00,8.6,77,12.1,38.693691431821364
2026-04-12T23:00,8.3,77,8.9,38.693691431821364
2026-04-13T00:00,7.9,81,7.6,53.82175770406772
2026-04-13T01:00,8.5,78,4.6,53.82175770406772
2026-04-13T02:00,9.6,74,6.6,53.82175770406772
2026-04-13T03:00,9.3,80,6.0,53.82175770406772
2026-04-13T04:00,9.8,81,5.6,53.82175770406772
2026-04-13T05:00,9.1,82,3.9,53.82175770406772
2026-04-13T06:00,9.4,89,4.3,53.82175770406772
2026-04-13T07:00,10.3,89,1.8,63.82175770406772
2026-04-13T08:00,11.1,85,2.4,63.82175770406772
2026-04-13T09:00,12.1,82,5.8,63.82175770406772
2026-04-13T10:00,13.2,84,11.5,53.82175770406772
2026-04-13T11:00,16.2,80,14.0,58.82175770406772
2026-04-13T12:00,20.1,72,13.2,58.82175770406772
2026-04-13T13:00,23.1,59,17.4,58.82175770406772
2026-04-13T14:00,22.4,64,16.1,58.82175770406772
2026-04-13T15:00,23.0,58,20.4,58.82175770406772
2026-04-13T16:00,25.9,49,26.2,63.82175770406772
2026-04-13T17:00,26.3,44,28.9,63.82175770406772
2026-04-13T18:00,27.0,41,25.2,63.82175770406772
2026-04-13T19:00,26.2,40,23.2,63.82175770406772
2026-04-13T20:00,24.0,44,20.4,53.82175770406772
2026-04-13T21:00,23.2,45,19.4,53.82175770406772
2026-04-13T22:00,23.2,44,16.7,53.82175770406772
2026-04-13T23:00,22.3,45,12.8,53.82175770406772
2026-04-14T00:00,22.1,47,10.6,57.37116727849116
2026-04-14T01:00,20.5,56,8.5,57.37116727849116
2026-04-14T02:00,19.8,58,6.9,57.37116727849116
2026-04-14T03:00,18.4,68,6.4,57.37116727849116
2026-04-14T04:00,18.4,65,4.7,57.37116727849116
2026-04-14T05:00,17.3,70,4.2,57.37116727849116
2026-04-14T06:00,16.6,75,5.3,57.37116727849116
2026-04-14T07:00,16.7,78,4.6,67.37116727849116
2026-04-14T08:00,19.3,76,6.1,67.37116727849116
2026-04-14T09:00,22.4,65,4.8,67.37116727849116
2026-04-14T10:00,24.2,60,9.9,57.37116727849116
2026-04-14T11:00,26.7,53,12.8,62.37116727849116
2026-04-14T12:00,27.5,49,14.8,62.37116727849116
2026-04-14T13:00,29.3,42,18.6,62.37116727849116
2026-04-14T14:00,29.7,39,20.9,62.37116727849116
2026-04-14T15:00,29.2,41,19.5,62.37116727849116
2026-04-14T16:00,28.3,52,27.3,67.37116727849116
2026-04-14T17:00,29.0,40,13.4,67.37116727849116
2026-04-14T18:00,30.0,36,23.8,67.37116727849116
2026-04-14T19:00,29.5,34,22.0,67.37116727849116
2026-04-14T20:00,27.3,39,14.3,57.37116727849116
2026-04-14T21:00,26.0,41,13.8,57.37116727849116
2026-04-14T22:00,26.1,37,20.2,57.37116727849116
2026-04-14T23:00,24.5,53,12.3,57.37116727849116
2026-04-15T00:00,23.1,59,10.9,52.32721938259992
2026-04-15T01:00,22.4,64,7.1,52.32721938259992
2026-04-15T02:00,22.4,64,6.4,52.32721938259992
2026-04-15T03:00,21.2,69,4.3,52.32721938259992
2026-04-15T04:00,20.6,69,6.2,52.32721938259992
2026-04-15T05:00,19.8,75,3.2,52.32721938259992
2026-04-15T06:00,19.1,78,4.5,52.32721938259992
2026-04-15T07:00,19.0,79,3.3,62.32721938259992
2026-04-15T08:00,20.8,76,9.2,62.32721938259992
2026-04-15T09:00,22.7,69,8.6,62.32721938259992
2026-04-15T10:00,25.1,59,11.0,52.32721938259992
2026-04-15T11:00,26.7,54,14.6,57.32721938259992
2026-04-15T12:00,27.7,53,20.2,57.32721938259992
2026-04-15T13:00,28.7,51,20.5,57.32721938259992
2026-04-15T14:00,30.3,45,16.5,57.32721938259992
2026-04-15T15:00,31.8,40,18.7,57.32721938259992
2026-04-15T16:00,32.3,38,19.6,62.32721938259992
2026-04-15T17:00,31.1,41,15.0,62.32721938259992
2026-04-15T18:00,30.4,41,16.9,62.32721938259992
2026-04-15T19:00,30.8,40,15.7,62.32721938259992
2026-04-15T20:00,29.3,40,16.6,52.32721938259992
2026-04-15T21:00,28.3,42,11.1,52.32721938259992
2026-04-15T22:00,27.2,44,13.9,52.32721938259992
2026-04-15T23:00,26.0,47,17.0,52.32721938259992
2026-04-16T00:00,25.8,47,17.2,71.71319561592834
2026-04-16T01:00,24.4,53,7.9,71.71319561592834
2026-04-16T02:00,25.0,52,8.9,71.71319561592834
2026-04-16T03:00,24.2,51,5.4,71.71319561592834
2026-04-16T04:00,23.4,51,6.1,71.71319561592834
2026-04-16T05:00,22.2,61,3.5,71.71319561592834
2026-04-16T06:00,21.1,65,2.9,71.71319561592834
2026-04-16T07:00,21.1,65,1.6,81.71319561592834
2026-04-16T08:00,22.4,75,7.0,81.71319561592834
2026-04-16T09:00,23.2,70,8.7,81.71319561592834
2026-04-16T10:00,25.2,61,9.2,71.71319561592834
2026-04-16T11:00,27.2,53,12.3,76.71319561592834
2026-04-16T12:00,29.6,42,16.9,76.71319561592834
2026-04-16T13:00,30.2,44,17.8,76.71319561592834
2026-04-16T14:00,31.8,38,20.0,76.71319561592834
2026-04-16T15:00,31.1,37,21.1,76.71319561592834
2026-04-16T16:00,29.6,41,21.0,81.71319561592834
2026-04-16T17:00,28.2,44,20.2,81.71319561592834
2026-04-16T18:00,28.0,41,21.2,81.71319561592834
2026-04-16T19:00,27.5,40,19.5,81.71319561592834
2026-04-16T20:00,25.8,40,12.7,71.71319561592834
2026-04-16T21:00,24.7,44,14.0,71.71319561592834
2026-04-16T22:00,24.5,44,11.9,71.71319561592834
2026-04-16T23:00,23.2,50,8.0,71.71319561592834
2026-04-17T00:00,22.4,55,10.3,41.43683155506541
2026-04-17T01:00,22.4,59,27.6,41.43683155506541
2026-04-17T02:00,21.6,67,13.0,41.43683155506541
2026-04-17T03:00,20.3,72,7.7,41.43683155506541
2026-04-17T04:00,20.5,63,3.7,41.43683155506541
2026-04-17T05:00,20.5,65,9.2,41.43683155506541
2026-04-17T06:00,19.9,77,7.4,41.43683155506541
2026-04-17T07:00,20.2,75,4.0,51.43683155506541
2026-04-17T08:00,20.4,73,11.7,51.43683155506541
2026-04-17T09:00,21.5,69,12.7,51.43683155506541
2026-04-17T10:00,23.1,62,7.0,41.43683155506541
2026-04-17T11:00,24.8,52,8.1,46.43683155506541
2026-04-17T12:00,25.4,52,5.6,46.43683155506541
2026-04-17T13:00,25.8,47,8.6,46.43683155506541
2026-04-17T14:00,25.9,54,14.8,46.43683155506541
2026-04-17T15:00,20.8,68,12.2,46.43683155506541
2026-04-17T16:00,22.2,76,5.1,51.43683155506541
2026-04-17T17:00,21.5,79,12.0,51.43683155506541
2026-04-17T18:00,22.5,67,7.4,51.43683155506541
2026-04-17T19:00,22.7,65,6.5,51.43683155506541
2026-04-17T20:00,21.5,58,10.4,41.43683155506541
2026-04-17T21:00,18.4,78,14.9,41.43683155506541
2026-04-17T22:00,15.6,87,13.0,41.43683155506541
2026-04-17T23:00,14.7,88,9.5,41.43683155506541
2026-04-18T00:00,13.7,89,5.8,34.31380215024043
2026-04-18T01:00,13.5,95,4.3,34.31380215024043
2026-04-18T02:00,13.0,98,5.3,34.31380215024043
2026-04-18T03:00,12.5,99,3.3,34.31380215024043
2026-04-18T04:00,12.4,97,0.8,34.31380215024043
2026-04-18T05:00,12.7,96,4.7,34.31380215024043
2026-04-18T06:00,12.4,94,1.6,34.31380215024043
2026-04-18T07:00,12.1,95,6.7,44.31380215024043
2026-04-18T08:00,12.5,91,9.7,44.31380215024043
2026-04-18T09:00,14.9,78,8.4,44.31380215024043
2026-04-18T10:00,16.1,77,8.8,34.31380215024043
2026-04-18T11:00,16.9,79,5.8,39.31380215024043
2026-04-18T12:00,16.0,71,7.1,39.31380215024043
2026-04-18T13:00,16.7,71,11.8,39.31380215024043
2026-04-18T14:00,17.1,71,13.3,39.31380215024043
2026-04-18T15:00,17.6,67,15.1,39.31380215024043
2026-04-18T16:00,16.2,69,15.6,44.31380215024043
2026-04-18T17:00,15.6,75,15.3,44.31380215024043
2026-04-18T18:00,14.0,80,15.9,44.31380215024043
2026-04-18T19:00,11.5,89,15.8,44.31380215024043
2026-04-18T20:00,10.9,84,17.8,34.31380215024043
2026-04-18T21:00,10.2,93,16.6,34.31380215024043
2026-04-18T22:00,10.1,91,14.9,34.31380215024043
2026-04-18T23:00,9.3,92,12.6,34.31380215024043
2026-04-19T00:00,8.9,94,12.5,29.05349844028568
2026-04-19T01:00,8.8,94,10.0,29.05349844028568
2026-04-19T02:00,8.6,98,4.6,29.05349844028568
2026-04-19T03:00,8.4,99,1.8,29.05349844028568
2026-04-19T04:00,8.8,95,11.5,29.05349844028568
2026-04-19T05:00,8.8,94,11.4,29.05349844028568
2026-04-19T06:00,8.7,96,8.9,29.05349844028568
2026-04-19T07:00,9.0,99,2.9,39.05349844028568
2026-04-19T08:00,9.4,98,6.4,39.05349844028568
2026-04-19T09:00,9.7,96,9.4,39.05349844028568
2026-04-19T10:00,10.5,92,16.4,29.05349844028568
2026-04-19T11:00,11.3,70,24.2,34.05349844028568
2026-04-19T12:00,9.9,74,17.4,34.05349844028568
2026-04-19T13:00,9.1,72,26.1,34.05349844028568
2026-04-19T14:00,7.7,78,25.7,34.05349844028568
2026-04-19T15:00,6.0,87,16.0,34.05349844028568
2026-04-19T16:00,5.8,88,13.3,39.05349844028568
2026-04-19T17:00,7.9,75,17.4,39.05349844028568
2026-04-19T18:00,8.9,61,14.6,39.05349844028568
2026-04-19T19:00,8.4,58,9.7,39.05349844028568
2026-04-19T20:00,8.4,58,11.4,29.05349844028568
2026-04-19T21:00,6.9,59,14.2,29.05349844028568
2026-04-19T22:00,6.2,66,7.7,29.05349844028568
2026-04-19T23:00,4.9,72,9.6,29.05349844028568
2026-04-20T00:00,4.2,73,6.6,33.78687991777017
2026-04-20T01:00,3.3,74,2.5,33.78687991777017
2026-04-20T02:00,3.1,73,4.7,33.78687991777017
2026-04-20T03:00,2.7,76,6.8,33.78687991777017
2026-04-20T04:00,2.3,80,4.0,33.78687991777017
2026-04-20T05:00,1.8,83,3.1,33.78687991777017
2026-04-20T06:00,1.8,83,3.6,33.78687991777017
2026-04-20T07:00,2.7,89,4.9,43.78687991777017
2026-04-20T08:00,5.9,76,5.4,43.78687991777017
2026-04-20T09:00,7.7,64,11.6,43.78687991777017
2026-04-20T10:00,8.5,57,13.7,33.78687991777017
2026-04-20T11:00,8.7,58,12.3,38.78687991777017
2026-04-20T12:00,10.4,43,15.0,38.78687991777017
2026-04-20T13:00,9.8,41,20.4,38.78687991777017
2026-04-20T14:00,10.6,40,20.8,38.78687991777017
2026-04-20T15:00,10.6,34,17.4,38.78687991777017
2026-04-20T16:00,10.4,31,25.0,43.78687991777017
2026-04-20T17:00,10.4,27,23.1,43.78687991777017
2026-04-20T18:00,9.6,27,24.0,43.78687991777017
2026-04-20T19:00,8.0,27,24.0,43.78687991777017
2026-04-20T20:00,6.9,29,22.0,33.78687991777017
2026-04-20T21:00,5.5,37,18.4,33.78687991777017
2026-04-20T22:00,4.6,43,14.5,33.78687991777017
2026-04-20T23:00,4.1,42,14.3,33.78687991777017
2026-04-21T00:00,3.2,44,11.6,35.96781791643857
2026-04-21T01:00,2.4,51,9.4,35.96781791643857
2026-04-21T02:00,2.0,48,10.4,35.96781791643857
2026-04-21T03:00,1.1,50,7.9,35.96781791643857
2026-04-21T04:00,0.3,51,4.8,35.96781791643857
2026-04-21T05:00,-0.3,52,7.4,35.96781791643857
2026-04-21T06:00,-0.5,52,4.9,35.96781791643857
2026-04-21T07:00,0.3,51,3.6,45.96781791643857
2026-04-21T08:00,3.2,45,9.4,45.96781791643857
2026-04-21T09:00,5.2,36,8.7,45.96781791643857
2026-04-21T10:00,7.4,33,1.3,35.96781791643857
2026-04-21T11:00,8.0,32,7.4,40.96781791643857
2026-04-21T12:00,8.9,29,7.5,40.96781791643857
2026-04-21T13:00,9.9,26,8.2,40.96781791643857
2026-04-21T14:00,10.7,22,9.2,40.96781791643857
2026-04-21T15:00,11.3,22,9.1,40.96781791643857
2026-04-21T16:00,11.7,22,9.3,45.96781791643857
2026-04-21T17:00,10.1,31,19.0,45.96781791643857
2026-04-21T18:00,8.7,38,19.8,45.96781791643857
2026-04-21T19:00,7.3,47,20.1,45.96781791643857
2026-04-21T20:00,6.9,49,17.6,35.96781791643857
2026-04-21T21:00,6.8,55,15.8,35.96781791643857
2026-04-21T22:00,6.9,56,13.4,35.96781791643857
2026-04-21T23:00,7.6,57,12.3,35.96781791643857
2026-04-22T00:00,7.5,63,8.3,43.53629164909153
2026-04-22T01:00,7.7,66,9.6,43.53629164909153
2026-04-22T02:00,7.3,65,9.2,43.53629164909153
2026-04-22T03:00,7.4,68,9.1,43.53629164909153
2026-04-22T04:00,7.1,67,11.3,43.53629164909153
2026-04-22T05:00,7.1,71,11.7,43.53629164909153
2026-04-22T06:00,7.4,83,10.4,43.53629164909153
2026-04-22T07:00,7.9,82,10.8,53.53629164909153
2026-04-22T08:00,8.1,78,15.0,53.53629164909153
2026-04-22T09:00,9.0,80,18.4,53.53629164909153
2026-04-22T10:00,8.0,79,15.4,43.53629164909153
2026-04-22T11:00,8.0,81,14.3,48.53629164909153
2026-04-22T12:00,9.2,78,18.7,48.53629164909153
2026-04-22T13:00,10.2,77,16.3,48.53629164909153
2026-04-22T14:00,11.5,75,17.3,48.53629164909153
2026-04-22T15:00,10.8,82,13.5,48.53629164909153
2026-04-22T16:00,11.3,81,11.1,53.53629164909153
2026-04-22T17:00,11.6,76,8.0,53.53629164909153
2026-04-22T18:00,11.5,77,5.8,53.53629164909153
2026-04-22T19:00,11.3,75,6.3,53.53629164909153
2026-04-22T20:00,11.1,74,7.1,43.53629164909153
2026-04-22T21:00,9.3,79,6.6,43.53629164909153
2026-04-22T22:00,8.6,84,9.4,43.53629164909153
2026-04-22T23:00,8.4,80,8.3,43.53629164909153
2026-04-23T00:00,8.2,84,8.3,54.259695395028736
2026-04-23T01:00,7.8,85,5.6,54.259695395028736
2026-04-23T02:00,7.4,82,4.7,54.259695395028736
2026-04-23T03:00,7.0,85,3.0,54.259695395028736
2026-04-23T04:00,6.4,91,4.2,54.259695395028736
2026-04-23T05:00,6.2,91,5.4,54.259695395028736
2026-04-23T06:00,5.6,92,2.2,54.259695395028736
2026-04-23T07:00,7.1,96,2.6,64.25969539502873
2026-04-23T08:00,9.5,90,5.1,64.25969539502873
2026-04-23T09:00,12.1,80,4.0,64.25969539502873
2026-04-23T10:00,15.3,69,3.5,54.259695395028736
2026-04-23T11:00,18.2,54,6.4,59.259695395028736
2026-04-23T12:00,20.7,41,11.0,59.259695395028736
2026-04-23T13:00,22.5,35,18.3,59.259695395028736
2026-04-23T14:00,23.1,29,21.7,59.259695395028736
2026-04-23T15:00,23.4,25,24.7,59.259695395028736
2026-04-23T16:00,24.1,22,23.8,64.25969539502873
2026-04-23T17:00,23.7,23,23.5,64.25969539502873
2026-04-23T18:00,22.7,23,19.4,64.25969539502873
2026-04-23T19:00,22.3,21,17.1,64.25969539502873
2026-04-23T20:00,21.2,21,10.0,54.259695395028736
2026-04-23T21:00,20.3,23,13.5,54.259695395028736
2026-04-23T22:00,19.6,23,13.0,54.259695395028736
2026-04-23T23:00,19.0,21,14.1,54.259695395028736
2026-04-24T00:00,17.4,30,2.8,38.681426370498606
2026-04-24T01:00,16.8,29,0.8,38.681426370498606
2026-04-24T02:00,16.1,32,0.7,38.681426370498606
2026-04-24T03:00,15.1,31,3.4,38.681426370498606
2026-04-24T04:00,14.6,35,5.1,38.681426370498606
2026-04-24T05:00,13.8,39,0.8,38.681426370498606
2026-04-24T06:00,13.5,40,4.0,38.681426370498606
2026-04-24T07:00,12.2,62,7.5,48.681426370498606
2026-04-24T08:00,11.7,76,10.0,48.681426370498606
2026-04-24T09:00,12.8,69,15.6,48.681426370498606
2026-04-24T10:00,13.8,54,17.5,38.681426370498606
2026-04-24T11:00,15.4,45,12.0,43.681426370498606
2026-04-24T12:00,17.3,38,13.0,43.681426370498606
2026-04-24T13:00,18.7,30,13.0,43.681426370498606
2026-04-24T14:00,19.0,26,11.0,43.681426370498606
2026-04-24T15:00,17.8,46,14.5,43.681426370498606
2026-04-24T16:00,17.3,45,16.3,48.681426370498606
2026-04-24T17:00,14.8,52,20.1,48.681426370498606
2026-04-24T18:00,14.4,52,17.6,48.681426370498606
2026-04-24T19:00,11.9,61,16.8,48.681426370498606
2026-04-24T20:00,11.0,62,15.7,38.681426370498606
2026-04-24T21:00,10.4,65,12.5,38.681426370498606
2026-04-24T22:00,9.8,68,8.9,38.681426370498606
2026-04-24T23:00,10.0,74,11.5,38.681426370498606
2026-04-25T00:00,9.3,77,6.8,32.22877674966007
2026-04-25T01:00,8.6,87,9.7,32.22877674966007
2026-04-25T02:00,8.9,82,13.0,32.22877674966007
2026-04-25T03:00,7.9,83,11.8,32.22877674966007
2026-04-25T04:00,7.9,83,13.0,32.22877674966007
2026-04-25T05:00,7.7,80,10.4,32.22877674966007
2026-04-25T06:00,7.2,77,12.2,32.22877674966007
2026-04-25T07:00,7.8,67,13.3,42.22877674966007
2026-04-25T08:00,8.9,60,17.7,42.22877674966007
2026-04-25T09:00,9.6,55,18.6,42.22877674966007
2026-04-25T10:00,8.6,66,16.8,32.22877674966007
2026-04-25T11:00,7.3,79,15.0,37.22877674966007
2026-04-25T12:00,7.6,86,14.6,37.22877674966007
2026-04-25T13:00,7.0,88,14.0,37.22877674966007
2026-04-25T14:00,7.6,86,14.4,37.22877674966007
2026-04-25T15:00,6.5,90,12.7,37.22877674966007
2026-04-25T16:00,6.1,89,12.4,42.22877674966007
2026-04-25T17:00,5.8,92,15.1,42.22877674966007
2026-04-25T18:00,5.6,93,14.1,42.22877674966007
2026-04-25T19:00,5.3,94,14.2,42.22877674966007
2026-04-25T20:00,5.3,93,13.0,32.22877674966007
2026-04-25T21:00,5.2,95,11.7,32.22877674966007
2026-04-25T22:00,5.0,95,12.1,32.22877674966007
2026-04-25T23:00,5.2,95,11.4,32.22877674966007
2026-04-26T00:00,5.2,95,9.7,33.996545550263555
2026-04-26T01:00,5.1,96,9.7,33.996545550263555
2026-04-26T02:00,5.4,95,12.7,33.996545550263555
2026-04-26T03:00,5.3,95,12.4,33.996545550263555
2026-04-26T04:00,5.5,96,13.6,33.996545550263555
2026-04-26T05:00,5.7,94,11.2,33.996545550263555
2026-04-26T06:00,5.7,93,11.2,33.996545550263555
2026-04-26T07:00,5.6,93,10.9,43.996545550263555
2026-04-26T08:00,5.9,89,13.9,43.996545550263555
2026-04-26T09:00,5.9,91,14.8,43.996545550263555
2026-04-26T10:00,6.5,88,15.6,33.996545550263555
2026-04-26T11:00,7.9,75,18.3,38.996545550263555
2026-04-26T12:00,9.5,70,18.1,38.996545550263555
2026-04-26T13:00,11.7,63,17.7,38.996545550263555
2026-04-26T14:00,12.5,62,15.8,38.996545550263555
2026-04-26T15:00,13.4,56,15.1,38.996545550263555
2026-04-26T16:00,13.9,54,16.3,43.996545550263555
2026-04-26T17:00,14.6,48,13.0,43.996545550263555
2026-04-26T18:00,14.7,46,9.1,43.996545550263555
2026-04-26T19:00,13.0,55,6.7,43.996545550263555
2026-04-26T20:00,9.9,76,6.8,33.996545550263555
2026-04-26T21:00,8.7,79,8.9,33.996545550263555
2026-04-26T22:00,7.7,83,3.0,33.996545550263555
2026-04-26T23:00,7.3,78,3.3,33.996545550263555
2026-04-27T00:00,6.7,85,6.5,36.84928521777072
2026-04-27T01:00,6.5,88,8.3,36.84928521777072
2026-04-27T02:00,6.2,85,4.9,36.84928521777072
2026-04-27T03:00,5.8,86,4.2,36.84928521777072
2026-04-27T04:00,5.5,85,4.4,36.84928521777072
2026-04-27T05:00,5.2,88,4.5,36.84928521777072
2026-04-27T06:00,5.1,88,3.1,36.84928521777072
2026-04-27T07:00,6.4,90,3.1,46.84928521777072
2026-04-27T08:00,9.9,79,6.9,46.84928521777072
2026-04-27T09:00,12.5,68,6.8,46.84928521777072
2026-04-27T10:00,14.5,61,5.2,36.84928521777072
2026-04-27T11:00,16.2,46,9.8,41.84928521777072
2026-04-27T12:00,18.1,39,13.5,41.84928521777072
2026-04-27T13:00,19.0,37,8.4,41.84928521777072
2026-04-27T14:00,20.1,33,7.4,41.84928521777072
2026-04-27T15:00,20.4,36,14.3,41.84928521777072
2026-04-27T16:00,19.1,34,16.8,46.84928521777072
2026-04-27T17:00,17.8,39,15.6,46.84928521777072
2026-04-27T18:00,16.3,41,16.9,46.84928521777072
2026-04-27T19:00,14.6,41,12.2,46.84928521777072
2026-04-27T20:00,12.6,47,11.3,36.84928521777072
2026-04-27T21:00,11.4,52,6.9,36.84928521777072
2026-04-27T22:00,10.3,63,4.2,36.84928521777072
2026-04-27T23:00,9.6,71,1.8,36.84928521777072
2026-04-28T00:00,9.4,59,3.4,32.21417565766093
2026-04-28T01:00,8.9,61,3.1,32.21417565766093
2026-04-28T02:00,8.4,72,8.2,32.21417565766093
2026-04-28T03:00,7.9,70,5.4,32.21417565766093
2026-04-28T04:00,7.9,65,7.2,32.21417565766093
2026-04-28T05:00,7.6,69,1.8,32.21417565766093
2026-04-28T06:00,6.8,72,5.5,32.21417565766093
2026-04-28T07:00,8.1,75,0.7,42.21417565766093
2026-04-28T08:00,11.2,70,0.5,42.21417565766093
2026-04-28T09:00,13.6,52,3.3,42.21417565766093
2026-04-28T10:00,15.9,45,7.4,32.21417565766093
2026-04-28T11:00,17.4,36,13.0,37.21417565766093
2026-04-28T12:00,18.0,37,13.7,37.21417565766093
2026-04-28T13:00,18.4,38,13.0,37.21417565766093
2026-04-28T14:00,17.8,37,13.6,37.21417565766093
2026-04-28T15:00,17.9,42,12.6,37.21417565766093
2026-04-28T16:00,16.4,40,14.1,42.21417565766093
2026-04-28T17:00,16.3,39,12.2,42.21417565766093
2026-04-28T18:00,15.1,41,10.7,42.21417565766093
2026-04-28T19:00,14.5,41,11.2,42.21417565766093
2026-04-28T20:00,13.5,44,8.4,32.21417565766093
2026-04-28T21:00,12.3,53,8.4,32.21417565766093
2026-04-28T22:00,13.0,50,10.0,32.21417565766093
2026-04-28T23:00,11.8,51,10.7,32.21417565766093
2026-04-29T00:00,11.7,61,7.4,38.27687659632318
2026-04-29T01:00,11.2,54,7.7,38.27687659632318
2026-04-29T02:00,11.4,51,5.7,38.27687659632318
2026-04-29T03:00,11.3,61,6.7,38.27687659632318
2026-04-29T04:00,10.4,68,5.0,38.27687659632318
2026-04-29T05:00,9.8,70,4.2,38.27687659632318
2026-04-29T06:00,10.2,65,2.7,38.27687659632318
2026-04-29T07:00,10.7,71,3.7,48.27687659632318
2026-04-29T08:00,12.1,67,7.6,48.27687659632318
2026-04-29T09:00,13.6,56,5.2,48.27687659632318
2026-04-29T10:00,15.6,49,7.9,38.27687659632318
2026-04-29T11:00,16.1,50,12.3,43.27687659632318
2026-04-29T12:00,16.3,51,15.1,43.27687659632318
2026-04-29T13:00,16.1,56,18.6,43.27687659632318
2026-04-29T14:00,15.7,59,18.1,43.27687659632318
2026-04-29T15:00,15.2,63,20.5,43.27687659632318
2026-04-29T16:00,13.7,73,20.1,48.27687659632318
2026-04-29T17:00,12.4,76,19.2,48.27687659632318
2026-04-29T18:00,11.3,80,13.2,48.27687659632318
2026-04-29T19:00,10.4,82,13.0,48.27687659632318
2026-04-29T20:00,10.0,84,12.3,38.27687659632318
2026-04-29T21:00,9.7,88,9.4,38.27687659632318
2026-04-29T22:00,9.5,93,7.9,38.27687659632318
2026-04-29T23:00,9.0,95,8.9,38.27687659632318
2026-04-30T00:00,9.2,94,5.2,34.1406985463781
2026-04-30T01:00,8.8,94,9.8,34.1406985463781
2026-04-30T02:00,8.6,96,6.6,34.1406985463781
2026-04-30T03:00,8.3,97,2.8,34.1406985463781
2026-04-30T04:00,8.5,98,3.0,34.1406985463781
2026-04-30T05:00,8.7,98,3.8,34.1406985463781
2026-04-30T06:00,9.1,95,4.0,34.1406985463781
2026-04-30T07:00,9.2,95,5.5,44.1406985463781
2026-04-30T08:00,9.3,96,6.0,44.1406985463781
2026-04-30T09:00,9.4,99,2.4,44.1406985463781
2026-04-30T10:00,10.3,92,7.0,34.1406985463781
2026-04-30T11:00,10.6,91,4.6,39.1406985463781
2026-04-30T12:00,11.0,90,4.8,39.1406985463781
2026-04-30T13:00,12.4,83,3.6,39.1406985463781
2026-04-30T14:00,12.6,88,4.0,39.1406985463781
2026-04-30T15:00,14.3,81,4.9,39.1406985463781
2026-04-30T16:00,14.4,75,7.7,44.1406985463781
2026-04-30T17:00,14.8,71,7.8,44.1406985463781
2026-04-30T18:00,15.1,61,12.5,44.1406985463781
2026-04-30T19:00,14.3,59,11.0,44.1406985463781
2026-04-30T20:00,14.0,55,4.3,34.1406985463781
2026-04-30T21:00,12.2,58,11.0,34.1406985463781
2026-04-30T22:00,11.1,67,5.5,34.1406985463781
2026-04-30T23:00,11.1,67,8.3,34.1406985463781
2026-05-01T00:00,10.7,64,10.0,34.09043832449781
2026-05-01T01:00,9.9,73,6.8,34.09043832449781
2026-05-01T02:00,9.2,62,13.1,34.09043832449781
2026-05-01T03:00,7.8,68,7.8,34.09043832449781
2026-05-01T04:00,7.3,69,7.7,34.09043832449781
2026-05-01T05:00,6.7,68,9.2,34.09043832449781
2026-05-01T06:00,6.3,69,10.7,34.09043832449781
2026-05-01T07:00,7.0,73,10.1,44.09043832449781
2026-05-01T08:00,9.1,64,12.8,44.09043832449781
2026-05-01T09:00,10.8,54,14.5,44.09043832449781
2026-05-01T10:00,12.6,43,12.7,34.09043832449781
2026-05-01T11:00,14.1,39,12.0,39.09043832449781
2026-05-01T12:00,15.4,37,11.6,39.09043832449781
2026-05-01T13:00,16.7,36,11.3,39.09043832449781
2026-05-01T14:00,17.4,36,10.6,39.09043832449781
2026-05-01T15:00,18.4,31,11.2,39.09043832449781
2026-05-01T16:00,17.8,41,18.6,44.09043832449781
2026-05-01T17:00,16.0,48,21.5,44.09043832449781
2026-05-01T18:00,14.7,55,17.1,44.09043832449781
2026-05-01T19:00,13.9,56,16.6,44.09043832449781
2026-05-01T20:00,12.4,64,15.6,34.09043832449781
2026-05-01T21:00,11.6,72,8.0,34.09043832449781
2026-05-01T22:00,11.3,75,11.4,34.09043832449781
2026-05-01T23:00,11.1,76,8.8,34.09043832449781
2026-05-02T00:00,10.8,67,13.9,33.6366034274362
2026-05-02T01:00,10.2,66,10.7,33.6366034274362
2026-05-02T02:00,10.8,69,8.7,33.6366034274362
2026-05-02T03:00,10.6,73,3.7,33.6366034274362
2026-05-02T04:00,10.3,77,11.1,33.6366034274362
2026-05-02T05:00,10.4,84,8.7,33.6366034274362
2026-05-02T06:00,9.7,87,5.4,33.6366034274362
2026-05-02T07:00,10.2,87,1.8,43.6366034274362
2026-05-02T08:00,10.4,88,0.7,43.6366034274362
2026-05-02T09:00,11.2,83,5.2,43.6366034274362
2026-05-02T10:00,11.9,77,7.4,33.6366034274362
2026-05-02T11:00,11.7,73,11.3,38.6366034274362
2026-05-02T12:00,13.0,64,10.6,38.6366034274362
2026-05-02T13:00,13.9,58,11.2,38.6366034274362
2026-05-02T14:00,15.6,46,12.6,38.6366034274362
2026-05-02T15:00,16.4,39,8.7,38.6366034274362
2026-05-02T16:00,17.2,34,10.8,43.6366034274362
2026-05-02T17:00,16.5,27,9.7,43.6366034274362
2026-05-02T18:00,16.1,28,9.1,43.6366034274362
2026-05-02T19:00,15.6,26,14.6,43.6366034274362
2026-05-02T20:00,14.7,27,11.6,33.6366034274362
2026-05-02T21:00,13.6,32,12.3,33.6366034274362
2026-05-02T22:00,12.6,29,8.3,33.6366034274362
2026-05-02T23:00,11.9,32,12.5,33.6366034274362
2026-05-03T00:00,10.9,35,12.8,33.22437841213191
2026-05-03T01:00,10.1,36,15.3,33.22437841213191
2026-05-03T02:00,9.4,41,16.8,33.22437841213191
2026-05-03T03:00,8.6,45,12.3,33.22437841213191
2026-05-03T04:00,7.6,46,12.3,33.22437841213191
2026-05-03T05:00,6.6,54,10.9,33.22437841213191
2026-05-03T06:00,6.7,50,12.6,33.22437841213191
2026-05-03T07:00,6.8,55,15.8,43.22437841213191
2026-05-03T08:00,7.6,55,17.4,43.22437841213191
2026-05-03T09:00,8.8,49,20.5,43.22437841213191
2026-05-03T10:00,10.6,45,20.7,33.22437841213191
2026-05-03T11:00,11.9,34,26.5,38.22437841213191
2026-05-03T12:00,11.9,35,24.9,38.22437841213191
2026-05-03T13:00,12.6,33,27.2,38.22437841213191
2026-05-03T14:00,13.7,29,28.7,38.22437841213191
2026-05-03T15:00,14.3,27,29.2,38.22437841213191
2026-05-03T16:00,15.5,26,28.6,43.22437841213191
2026-05-03T17:00,16.0,22,26.3,43.22437841213191
2026-05-03T18:00,16.0,20,26.0,43.22437841213191
2026-05-03T19:00,16.0,22,18.5,43.22437841213191
2026-05-03T20:00,14.7,24,9.4,33.22437841213191
2026-05-03T21:00,13.0,30,6.3,33.22437841213191
2026-05-03T22:00,11.9,39,5.6,33.22437841213191
2026-05-03T23:00,11.0,41,8.7,33.22437841213191
2026-05-04T00:00,10.1,48,9.4,44.04899634195562
2026-05-04T01:00,9.6,46,14.5,44.04899634195562
2026-05-04T02:00,9.7,42,16.4,44.04899634195562
2026-05-04T03:00,9.2,45,13.0,44.04899634195562
2026-05-04T04:00,8.5,50,12.9,44.04899634195562
2026-05-04T05:00,8.3,54,10.0,44.04899634195562
2026-05-04T06:00,8.2,56,12.3,44.04899634195562
2026-05-04T07:00,9.2,58,13.0,54.04899634195562
2026-05-04T08:00,11.2,60,18.9,54.04899634195562
2026-05-04T09:00,14.0,53,19.6,54.04899634195562
2026-05-04T10:00,16.5,44,19.6,44.04899634195562
2026-05-04T11:00,18.6,39,21.4,49.04899634195562
2026-05-04T12:00,20.0,32,19.6,49.04899634195562
2026-05-04T13:00,21.3,32,22.7,49.04899634195562
2026-05-04T14:00,22.2,28,23.2,49.04899634195562
2026-05-04T15:00,22.9,26,22.2,49.04899634195562
2026-05-04T16:00,23.3,25,17.6,54.04899634195562
2026-05-04T17:00,23.2,26,19.6,54.04899634195562
2026-05-04T18:00,19.7,48,16.3,54.04899634195562
2026-05-04T19:00,19.4,46,14.5,54.04899634195562
2026-05-04T20:00,17.9,51,14.8,44.04899634195562
2026-05-04T21:00,17.9,45,14.4,44.04899634195562
2026-05-04T22:00,16.9,47,16.7,44.04899634195562
2026-05-04T23:00,16.6,46,15.2,44.04899634195562
2026-05-05T00:00,15.7,56,13.1,53.1962414588899
2026-05-05T01:00,14.7,61,9.3,53.1962414588899
2026-05-05T02:00,13.9,68,6.6,53.1962414588899
2026-05-05T03:00,13.3,71,4.5,53.1962414588899
2026-05-05T04:00,13.1,74,7.3,53.1962414588899
2026-05-05T05:00,12.9,76,6.0,53.1962414588899
2026-05-05T06:00,12.9,76,9.7,53.1962414588899
2026-05-05T07:00,14.5,79,7.3,63.1962414588899
2026-05-05T08:00,17.0,67,12.3,63.1962414588899
2026-05-05T09:00,19.3,58,13.6,63.1962414588899
2026-05-05T10:00,20.9,52,15.0,53.1962414588899
2026-05-05T11:00,23.6,45,15.6,58.1962414588899
2026-05-05T12:00,24.7,45,13.7,58.1962414588899
2026-05-05T13:00,26.2,43,16.6,58.1962414588899
2026-05-05T14:00,28.0,32,21.6,58.1962414588899
2026-05-05T15:00,28.7,34,24.5,58.1962414588899
2026-05-05T16:00,29.2,28,28.2,63.1962414588899
2026-05-05T17:00,28.1,27,29.0,63.1962414588899
2026-05-05T18:00,26.7,33,27.8,63.1962414588899
2026-05-05T19:00,23.9,37,22.7,63.1962414588899
2026-05-05T20:00,23.0,42,18.0,53.1962414588899
2026-05-05T21:00,20.9,50,24.6,53.1962414588899
2026-05-05T22:00,19.8,54,22.3,53.1962414588899
2026-05-05T23:00,19.4,53,23.0,53.1962414588899
2026-05-06T00:00,18.9,58,19.8,51.05001104244459
2026-05-06T01:00,18.1,61,15.8,51.05001104244459
2026-05-06T02:00,17.7,63,17.6,51.05001104244459
2026-05-06T03:00,17.4,69,15.1,51.05001104244459
2026-05-06T04:00,16.7,72,17.4,51.05001104244459
2026-05-06T05:00,16.2,75,15.2,51.05001104244459
2026-05-06T06:00,15.9,78,13.4,51.05001104244459
2026-05-06T07:00,16.8,77,14.4,61.05001104244459
2026-05-06T08:00,17.9,74,18.0,61.05001104244459
2026-05-06T09:00,19.6,67,18.6,61.05001104244459
2026-05-06T10:00,20.8,60,18.8,51.05001104244459
2026-05-06T11:00,21.8,58,19.6,56.05001104244459
2026-05-06T12:00,20.2,62,19.1,56.05001104244459
2026-05-06T13:00,18.1,79,17.8,56.05001104244459
2026-05-06T14:00,18.7,85,10.3,56.05001104244459
2026-05-06T15:00,16.8,83,12.5,56.05001104244459
2026-05-06T16:00,17.0,88,13.9,61.05001104244459
2026-05-06T17:00,17.5,84,12.5,61.05001104244459
2026-05-06T18:00,17.3,86,15.1,61.05001104244459
2026-05-06T19:00,17.8,81,9.7,61.05001104244459
2026-05-06T20:00,17.5,77,12.8,51.05001104244459
2026-05-06T21:00,16.6,83,6.3,51.05001104244459
2026-05-06T22:00,17.0,82,12.7,51.05001104244459
2026-05-06T23:00,16.0,79,12.5,51.05001104244459
2026-05-07T00:00,14.0,79,14.5,43.60766344952454
2026-05-07T01:00,13.4,79,9.7,43.60766344952454
2026-05-07T02:00,11.8,85,17.1,43.60766344952454
2026-05-07T03:00,11.0,89,16.1,43.60766344952454
2026-05-07T04:00,10.0,90,17.3,43.60766344952454
2026-05-07T05:00,9.8,90,13.3,43.60766344952454
2026-05-07T06:00,10.0,85,12.2,43.60766344952454
2026-05-07T07:00,10.0,88,9.1,53.60766344952454
2026-05-07T08:00,10.6,82,14.0,53.60766344952454
2026-05-07T09:00,10.8,80,12.0,53.60766344952454
2026-05-07T10:00,13.2,59,13.6,43.60766344952454
2026-05-07T11:00,14.6,42,19.7,48.60766344952454
2026-05-07T12:00,16.4,35,15.9,48.60766344952454
2026-05-07T13:00,17.6,32,14.0,48.60766344952454
2026-05-07T14:00,17.9,28,15.3,48.60766344952454
2026-05-07T15:00,18.6,29,16.7,48.60766344952454
2026-05-07T16:00,18.6,30,13.3,53.60766344952454
2026-05-07T17:00,18.3,29,14.6,53.60766344952454
2026-05-07T18:00,17.9,28,16.9,53.60766344952454
2026-05-07T19:00,17.2,25,17.5,53.60766344952454
2026-05-07T20:00,15.5,27,10.9,43.60766344952454
2026-05-07T21:00,13.7,31,3.4,43.60766344952454
2026-05-07T22:00,12.9,26,11.6,43.60766344952454
2026-05-07T23:00,10.7,57,6.5,43.60766344952454
2026-05-08T00:00,12.1,55,5.7,37.09683158402384
2026-05-08T01:00,10.2,76,4.9,37.09683158402384
2026-05-08T02:00,11.0,68,7.4,37.09683158402384
2026-05-08T03:00,9.2,65,18.3,37.09683158402384
2026-05-08T04:00,8.6,67,12.3,37.09683158402384
2026-05-08T05:00,7.8,78,4.4,37.09683158402384
2026-05-08T06:00,7.8,74,6.6,37.09683158402384
2026-05-08T07:00,9.0,76,10.0,47.09683158402384
2026-05-08T08:00,10.5,68,13.9,47.09683158402384
2026-05-08T09:00,12.5,52,12.7,47.09683158402384
2026-05-08T10:00,14.5,46,16.3,37.09683158402384
2026-05-08T11:00,15.8,37,12.8,42.09683158402384
2026-05-08T12:00,16.1,35,24.7,42.09683158402384
2026-05-08T13:00,16.8,35,26.6,42.09683158402384
2026-05-08T14:00,16.8,34,27.6,42.09683158402384
2026-05-08T15:00,16.5,33,25.0,42.09683158402384
2026-05-08T16:00,17.8,36,21.0,47.09683158402384
2026-05-08T17:00,17.0,40,20.9,47.09683158402384
2026-05-08T18:00,16.9,42,12.5,47.09683158402384
2026-05-08T19:00,16.1,44,12.4,47.09683158402384
2026-05-08T20:00,14.6,46,7.3,37.09683158402384
2026-05-08T21:00,14.4,40,6.1,37.09683158402384
2026-05-08T22:00,12.9,57,5.8,37.09683158402384
2026-05-08T23:00,13.5,58,4.5,37.09683158402384
2026-05-09T00:00,12.9,54,7.0,41.966035449559875
2026-05-09T01:00,11.8,60,5.6,41.966035449559875
2026-05-09T02:00,12.2,57,2.6,41.966035449559875
2026-05-09T03:00,13.2,58,2.8,41.966035449559875
2026-05-09T04:00,13.0,60,6.7,41.966035449559875
2026-05-09T05:00,11.8,70,3.4,41.966035449559875
2026-05-09T06:00,12.1,65,3.8,41.966035449559875
2026-05-09T07:00,12.7,71,2.2,51.966035449559875
2026-05-09T08:00,14.1,68,6.1,51.966035449559875
2026-05-09T09:00,14.2,82,12.2,51.966035449559875
2026-05-09T10:00,16.1,66,12.6,41.966035449559875
2026-05-09T11:00,17.4,62,14.0,46.966035449559875
2026-05-09T12:00,18.1,64,10.6,46.966035449559875
2026-05-09T13:00,18.6,63,5.5,46.966035449559875
2026-05-09T14:00,15.8,79,3.4,46.966035449559875
2026-05-09T15:00,16.5,82,6.5,46.966035449559875
2026-05-09T16:00,15.5,84,6.6,51.966035449559875
2026-05-09T17:00,14.3,92,9.7,51.966035449559875
2026-05-09T18:00,14.3,85,4.4,51.966035449559875
2026-05-09T19:00,13.3,90,10.0,51.966035449559875
2026-05-09T20:00,12.8,91,3.6,41.966035449559875
2026-05-09T21:00,12.1,90,2.7,41.966035449559875
2026-05-09T22:00,11.4,92,4.1,41.966035449559875
2026-05-09T23:00,10.9,92,2.2,41.966035449559875
2026-05-10T00:00,11.2,94,1.8,45.42191269314404
2026-05-10T01:00,11.1,95,1.1,45.42191269314404
2026-05-10T02:00,11.7,99,4.6,45.42191269314404
2026-05-10T03:00,11.7,97,5.5,45.42191269314404
2026-05-10T04:00,11.5,96,7.4,45.42191269314404
2026-05-10T05:00,11.6,97,4.1,45.42191269314404
2026-05-10T06:00,11.4,99,8.8,45.42191269314404
2026-05-10T07:00,11.3,100,7.9,55.42191269314404
2026-05-10T08:00,12.0,96,4.2,55.42191269314404
2026-05-10T09:00,12.2,97,2.3,55.42191269314404
2026-05-10T10:00,13.2,94,2.9,45.42191269314404
2026-05-10T11:00,14.3,90,4.7,50.42191269314404
2026-05-10T12:00,16.5,85,2.4,50.42191269314404
2026-05-10T13:00,18.8,76,6.9,50.42191269314404
2026-05-10T14:00,21.3,64,6.0,50.42191269314404
2026-05-10T15:00,22.1,59,6.9,50.42191269314404
2026-05-10T16:00,22.7,55,10.3,55.42191269314404
2026-05-10T17:00,21.9,60,11.3,55.42191269314404
2026-05-10T18:00,19.2,70,5.9,55.42191269314404
2026-05-10T19:00,17.7,82,7.8,55.42191269314404
2026-05-10T20:00,18.1,75,9.1,45.42191269314404
2026-05-10T21:00,17.7,74,6.4,45.42191269314404
2026-05-10T22:00,17.9,71,9.4,45.42191269314404
2026-05-10T23:00,17.1,75,5.4,45.42191269314404
2026-05-11T00:00,17.2,72,7.8,40.25911747438642
2026-05-11T01:00,15.2,77,14.4,40.25911747438642
2026-05-11T02:00,13.8,41,19.4,40.25911747438642
2026-05-11T03:00,13.6,39,14.4,40.25911747438642
2026-05-11T04:00,12.3,34,10.8,40.25911747438642
2026-05-11T05:00,11.8,35,9.4,40.25911747438642
2026-05-11T06:00,11.6,36,7.7,40.25911747438642
2026-05-11T07:00,12.2,33,12.9,50.25911747438642
2026-05-11T08:00,12.5,33,15.5,50.25911747438642
2026-05-11T09:00,13.4,30,16.2,50.25911747438642
2026-05-11T10:00,15.2,28,18.0,40.25911747438642
2026-05-11T11:00,15.2,28,10.8,45.25911747438642
2026-05-11T12:00,15.6,29,13.4,45.25911747438642
2026-05-11T13:00,16.2,22,10.2,45.25911747438642
2026-05-11T14:00,16.2,27,6.4,45.25911747438642
2026-05-11T15:00,16.2,29,9.0,45.25911747438642
2026-05-11T16:00,16.2,30,5.5,50.25911747438642
2026-05-11T17:00,16.3,31,3.4,50.25911747438642
2026-05-11T18:00,16.2,31,2.5,50.25911747438642
2026-05-11T19:00,15.9,33,8.8,50.25911747438642
2026-05-11T20:00,14.8,32,7.7,40.25911747438642
2026-05-11T21:00,13.7,29,6.2,40.25911747438642
2026-05-11T22:00,12.6,40,9.7,40.25911747438642
2026-05-11T23:00,12.4,36,4.4,40.25911747438642
2026-05-12T00:00,10.5,52,11.0,36.22396301567458
2026-05-12T01:00,10.7,45,12.7,36.22396301567458
2026-05-12T02:00,10.4,54,11.7,36.22396301567458
2026-05-12T03:00,9.5,58,5.9,36.22396301567458
2026-05-12T04:00,8.9,58,9.1,36.22396301567458
2026-05-12T05:00,8.0,53,8.1,36.22396301567458
2026-05-12T06:00,6.8,58,6.4,36.22396301567458
2026-05-12T07:00,7.6,57,7.6,46.22396301567458
2026-05-12T08:00,9.8,49,12.6,46.22396301567458
2026-05-12T09:00,12.0,47,14.4,46.22396301567458
2026-05-12T10:00,13.8,42,13.1,36.22396301567458
2026-05-12T11:00,15.4,34,11.7,41.22396301567458
2026-05-12T12:00,16.6,30,9.2,41.22396301567458
2026-05-12T13:00,17.5,29,8.0,41.22396301567458
2026-05-12T14:00,18.7,28,4.7,41.22396301567458
2026-05-12T15:00,19.1,28,11.3,41.22396301567458
2026-05-12T16:00,19.4,26,13.6,46.22396301567458
2026-05-12T17:00,18.6,28,21.0,46.22396301567458
2026-05-12T18:00,16.0,42,22.9,46.22396301567458
2026-05-12T19:00,14.3,46,21.6,46.22396301567458
2026-05-12T20:00,13.1,54,18.0,36.22396301567458
2026-05-12T21:00,12.2,57,14.9,36.22396301567458
2026-05-12T22:00,11.4,63,17.0,36.22396301567458
2026-05-12T23:00,11.3,72,11.9,36.22396301567458
2026-05-13T00:00,10.8,74,8.7,42.982469687450035
2026-05-13T01:00,10.8,72,6.8,42.982469687450035
2026-05-13T02:00,10.5,74,6.1,42.982469687450035
2026-05-13T03:00,10.7,73,5.6,42.982469687450035
2026-05-13T04:00,10.9,74,6.2,42.982469687450035
2026-05-13T05:00,11.0,72,7.2,42.982469687450035
2026-05-13T06:00,11.2,72,8.0,42.982469687450035
2026-05-13T07:00,12.1,73,8.6,52.982469687450035
2026-05-13T08:00,12.8,75,7.6,52.982469687450035
2026-05-13T09:00,14.1,76,8.7,52.982469687450035
2026-05-13T10:00,17.8,57,13.1,42.982469687450035
2026-05-13T11:00,20.2,52,17.8,47.982469687450035
2026-05-13T12:00,21.9,43,22.5,47.982469687450035
2026-05-13T13:00,22.4,41,21.8,47.982469687450035
2026-05-13T14:00,23.3,42,22.7,47.982469687450035
2026-05-13T15:00,23.3,38,28.3,47.982469687450035
2026-05-13T16:00,21.2,38,34.9,52.982469687450035
2026-05-13T17:00,21.0,37,32.9,52.982469687450035
2026-05-13T18:00,19.8,41,27.6,52.982469687450035
2026-05-13T19:00,18.9,44,24.8,52.982469687450035
2026-05-13T20:00,17.4,51,24.0,42.982469687450035
2026-05-13T21:00,16.4,55,18.7,42.982469687450035
2026-05-13T22:00,15.3,61,20.3,42.982469687450035
2026-05-13T23:00,15.3,67,14.5,42.982469687450035
2026-05-14T00:00,14.9,70,5.0,44.850429057996365
2026-05-14T01:00,14.7,77,12.7,44.850429057996365
2026-05-14T02:00,13.6,82,8.1,44.850429057996365
2026-05-14T03:00,13.4,86,6.9,44.850429057996365
2026-05-14T04:00,13.3,90,4.9,44.850429057996365
2026-05-14T05:00,13.1,88,2.7,44.850429057996365
2026-05-14T06:00,12.7,92,2.3,44.850429057996365
2026-05-14T07:00,13.1,94,3.6,54.850429057996365
2026-05-14T08:00,13.7,89,8.7,54.850429057996365
2026-05-14T09:00,14.1,87,9.9,54.850429057996365
2026-05-14T10:00,14.5,83,15.3,44.850429057996365
2026-05-14T11:00,14.9,75,10.5,49.850429057996365
2026-05-14T12:00,15.4,72,4.3,49.850429057996365
2026-05-14T13:00,16.1,66,5.0,49.850429057996365
2026-05-14T14:00,17.0,53,3.8,49.850429057996365
2026-05-14T15:00,18.5,47,10.5,49.850429057996365
2026-05-14T16:00,18.2,54,13.4,54.850429057996365
2026-05-14T17:00,18.5,48,16.0,54.850429057996365
2026-05-14T18:00,17.7,41,25.2,54.850429057996365
2026-05-14T19:00,16.8,44,17.5,54.850429057996365
2026-05-14T20:00,16.4,44,14.4,44.850429057996365
2026-05-14T21:00,14.9,47,14.4,44.850429057996365
2026-05-14T22:00,14.0,57,15.4,44.850429057996365
2026-05-14T23:00,13.2,60,19.0,44.850429057996365
2026-05-15T00:00,11.4,65,7.9,40.533995780758474
2026-05-15T01:00,10.6,69,9.6,40.533995780758474
2026-05-15T02:00,10.1,70,12.9,40.533995780758474
2026-05-15T03:00,9.5,75,8.9,40.533995780758474
2026-05-15T04:00,9.5,76,7.2,40.533995780758474
2026-05-15T05:00,9.4,78,9.1,40.533995780758474
2026-05-15T06:00,9.8,75,10.8,40.533995780758474
2026-05-15T07:00,11.0,77,9.8,50.533995780758474
2026-05-15T08:00,12.2,73,14.0,50.533995780758474
2026-05-15T09:00,13.5,66,17.6,50.533995780758474
2026-05-15T10:00,15.0,61,15.5,40.533995780758474
2026-05-15T11:00,16.6,53,15.3,45.533995780758474
2026-05-15T12:00,17.4,53,19.8,45.533995780758474
2026-05-15T13:00,17.3,53,19.5,45.533995780758474
2026-05-15T14:00,17.9,51,21.1,45.533995780758474
2026-05-15T15:00,18.8,53,15.5,45.533995780758474
2026-05-15T16:00,19.3,51,15.3,50.533995780758474
2026-05-15T17:00,19.5,48,17.7,50.533995780758474
2026-05-15T18:00,19.5,46,13.6,50.533995780758474
2026-05-15T19:00,19.0,50,14.5,50.533995780758474
2026-05-15T20:00,18.4,51,8.2,40.533995780758474
2026-05-15T21:00,16.8,56,7.4,40.533995780758474
2026-05-15T22:00,15.5,59,2.4,40.533995780758474
2026-05-15T23:00,14.5,65,7.9,40.533995780758474
2026-05-16T00:00,13.4,73,4.1,46.64549917697285
2026-05-16T01:00,12.8,75,1.5,46.64549917697285
2026-05-16T02:00,12.5,74,1.5,46.64549917697285
2026-05-16T03:00,11.8,77,1.1,46.64549917697285
2026-05-16T04:00,11.0,79,2.7,46.64549917697285
2026-05-16T05:00,11.0,81,1.5,46.64549917697285
2026-05-16T06:00,10.6,86,2.6,46.64549917697285
2026-05-16T07:00,12.4,90,1.1,56.64549917697285
2026-05-16T08:00,15.7,73,2.9,56.64549917697285
2026-05-16T09:00,17.7,61,10.1,56.64549917697285
2026-05-16T10:00,20.0,55,10.5,46.64549917697285
2026-05-16T11:00,22.7,42,14.3,51.64549917697285
2026-05-16T12:00,24.4,39,18.4,51.64549917697285
2026-05-16T13:00,25.4,36,17.9,51.64549917697285
2026-05-16T14:00,25.9,38,20.0,51.64549917697285
2026-05-16T15:00,26.7,35,22.9,51.64549917697285
2026-05-16T16:00,25.9,39,16.8,56.64549917697285
2026-05-16T17:00,26.7,37,14.8,56.64549917697285
2026-05-16T18:00,26.3,37,17.7,56.64549917697285
2026-05-16T19:00,26.3,29,17.8,56.64549917697285
2026-05-16T20:00,24.9,28,17.4,46.64549917697285
2026-05-16T21:00,23.1,37,10.8,46.64549917697285
2026-05-16T22:00,21.8,43,14.0,46.64549917697285
2026-05-16T23:00,21.6,43,10.8,46.64549917697285
2026-05-17T00:00,21.3,49,15.3,54.359015046784734
2026-05-17T01:00,20.6,49,10.7,54.359015046784734
2026-05-17T02:00,20.4,49,11.2,54.359015046784734
2026-05-17T03:00,20.2,53,12.6,54.359015046784734
2026-05-17T04:00,19.6,56,7.3,54.359015046784734
2026-05-17T05:00,19.1,62,6.2,54.359015046784734
2026-05-17T06:00,18.3,65,6.1,54.359015046784734
2026-05-17T07:00,19.7,71,6.0,64.35901504678473
2026-05-17T08:00,21.1,71,10.5,64.35901504678473
2026-05-17T09:00,23.4,63,13.1,64.35901504678473
2026-05-17T10:00,24.5,63,10.8,54.359015046784734
2026-05-17T11:00,26.5,54,7.5,59.359015046784734
2026-05-17T12:00,28.3,45,9.3,59.359015046784734
2026-05-17T13:00,30.1,36,15.8,59.359015046784734
2026-05-17T14:00,30.5,37,15.4,59.359015046784734
2026-05-17T15:00,30.1,45,20.6,59.359015046784734
2026-05-17T16:00,30.5,43,17.2,64.35901504678473
2026-05-17T17:00,30.6,39,17.3,64.35901504678473
2026-05-17T18:00,30.0,41,9.0,64.35901504678473
2026-05-17T19:00,29.1,38,9.7,64.35901504678473
2026-05-17T20:00,27.3,41,5.8,54.359015046784734
2026-05-17T21:00,27.2,44,7.3,54.359015046784734
2026-05-17T22:00,25.4,49,7.6,54.359015046784734
2026-05-17T23:00,24.9,49,8.7,54.359015046784734
