timestamp,temperature,humidity,wind_speed,grass_pollen,tree_pollen,weed_pollen,y
2026-03-10 12:00:00,15.8,48,10.8,1.92,23.49,0.98,26.389999999999997
2026-03-10 13:00:00,17.3,44,13.4,2.16,26.4,1.1,29.66
2026-03-10 14:00:00,18.5,42,12.8,1.96,23.96,1.0,26.92
2026-03-10 15:00:00,18.1,45,12.3,1.73,21.2,0.89,23.82
2026-03-10 16:00:00,17.8,47,10.9,1.84,22.46,0.94,25.240000000000002
2026-03-10 17:00:00,18.2,48,9.1,1.57,19.22,0.8,21.59
2026-03-10 18:00:00,17.8,48,6.8,1.32,16.1,0.67,18.090000000000003
2026-03-10 19:00:00,16.5,51,6.8,1.33,16.3,0.68,18.310000000000002
2026-03-10 20:00:00,16.2,53,7.6,1.1,13.46,0.56,15.120000000000001
2026-03-10 21:00:00,16.7,55,7.7,0.54,6.66,0.28,7.48
2026-03-10 22:00:00,16.6,59,9.2,0.56,6.85,0.29,7.7
2026-03-10 23:00:00,16.5,59,9.7,0.49,5.96,0.25,6.7
2026-03-11 00:00:00,16.1,60,9.5,0.51,6.49,0.26,7.26
2026-03-11 01:00:00,15.4,63,10.3,0.49,6.22,0.25,6.96
2026-03-11 02:00:00,14.3,64,9.4,0.49,6.2,0.25,6.94
2026-03-11 03:00:00,13.8,63,9.8,0.62,7.84,0.32,8.78
2026-03-11 04:00:00,13.2,62,9.7,0.65,8.25,0.33,9.23
2026-03-11 05:00:00,12.4,63,10.5,0.69,8.68,0.35,9.719999999999999
2026-03-11 06:00:00,11.3,68,11.1,1.47,18.56,0.75,20.779999999999998
2026-03-11 07:00:00,10.4,72,9.8,1.52,19.25,0.78,21.55
2026-03-11 08:00:00,10.0,73,8.3,1.55,19.53,0.79,21.87
2026-03-11 09:00:00,11.1,69,8.9,1.9,23.96,0.97,26.83
2026-03-11 10:00:00,11.8,68,8.1,1.86,23.51,0.95,26.32
2026-03-11 11:00:00,13.6,63,7.7,1.78,22.5,0.91,25.19
2026-03-11 12:00:00,15.1,62,9.4,2.06,26.01,1.06,29.13
2026-03-11 13:00:00,17.3,60,13.0,1.9,24.0,0.97,26.869999999999997
2026-03-11 14:00:00,16.6,64,17.9,2.09,26.42,1.07,29.580000000000002
2026-03-11 15:00:00,14.6,71,14.6,1.86,23.5,0.95,26.31
2026-03-11 16:00:00,17.9,63,15.5,1.61,20.39,0.83,22.83
2026-03-11 17:00:00,16.6,69,13.8,1.68,21.21,0.86,23.75
2026-03-11 18:00:00,15.6,72,15.5,1.41,17.85,0.72,19.98
2026-03-11 19:00:00,15.7,76,16.0,1.17,14.77,0.6,16.54
2026-03-11 20:00:00,14.7,78,13.5,1.18,14.86,0.6,16.64
2026-03-11 21:00:00,14.6,88,19.8,0.59,7.39,0.3,8.28
2026-03-11 22:00:00,14.7,94,21.3,0.49,6.2,0.25,6.94
2026-03-11 23:00:00,13.2,96,15.5,0.52,6.59,0.27,7.379999999999999
2026-03-12 00:00:00,12.6,98,9.8,0.45,5.88,0.23,6.5600000000000005
2026-03-12 01:00:00,14.9,97,14.3,0.53,6.86,0.27,7.66
2026-03-12 02:00:00,14.2,98,8.1,0.53,6.88,0.27,7.68
2026-03-12 03:00:00,13.9,99,9.0,0.54,7.09,0.28,7.91
2026-03-12 04:00:00,13.9,99,8.1,0.7,9.11,0.36,10.169999999999998
2026-03-12 05:00:00,13.8,99,9.1,0.74,9.63,0.38,10.750000000000002
2026-03-12 06:00:00,14.1,99,10.2,1.29,16.77,0.66,18.72
2026-03-12 07:00:00,14.3,80,31.3,1.63,21.27,0.84,23.74
2026-03-12 08:00:00,11.3,67,33.9,1.67,21.7,0.86,24.229999999999997
2026-03-12 09:00:00,8.8,66,32.6,1.66,21.62,0.85,24.130000000000003
2026-03-12 10:00:00,6.6,70,36.7,2.0,26.0,1.02,29.02
2026-03-12 11:00:00,5.6,66,30.4,1.92,25.01,0.99,27.919999999999998
2026-03-12 12:00:00,4.2,68,31.4,1.8,23.44,0.92,26.160000000000004
2026-03-12 13:00:00,4.1,68,29.0,2.04,26.55,1.05,29.64
2026-03-12 14:00:00,4.5,62,30.9,1.84,24.0,0.95,26.79
2026-03-12 15:00:00,3.9,67,30.8,1.99,25.89,1.02,28.9
2026-03-12 16:00:00,2.6,77,27.1,1.73,22.58,0.89,25.2
2026-03-12 17:00:00,2.7,75,27.0,1.48,19.24,0.76,21.48
2026-03-12 18:00:00,2.7,75,27.0,1.51,19.69,0.78,21.980000000000004
2026-03-12 19:00:00,3.1,68,23.4,1.26,16.37,0.65,18.28
2026-03-12 20:00:00,3.5,63,20.2,1.03,13.47,0.53,15.03
2026-03-12 21:00:00,3.4,62,17.9,0.63,8.16,0.32,9.110000000000001
2026-03-12 22:00:00,3.3,61,19.0,0.53,6.88,0.27,7.68
2026-03-12 23:00:00,2.8,60,21.9,0.46,5.96,0.24,6.66
2026-03-13 00:00:00,2.2,64,19.7,0.48,6.51,0.25,7.24
2026-03-13 01:00:00,1.7,67,18.6,0.46,6.21,0.24,6.91
2026-03-13 02:00:00,1.8,60,20.0,0.57,7.59,0.29,8.45
2026-03-13 03:00:00,1.5,49,21.4,0.59,7.86,0.3,8.750000000000002
2026-03-13 04:00:00,1.0,49,18.4,0.61,8.24,0.32,9.17
2026-03-13 05:00:00,0.9,50,15.9,0.79,10.62,0.41,11.82
2026-03-13 06:00:00,0.8,50,14.2,1.39,18.6,0.71,20.700000000000003
2026-03-13 07:00:00,0.8,50,10.2,1.43,19.2,0.74,21.369999999999997
2026-03-13 08:00:00,1.0,51,11.6,1.78,23.96,0.92,26.660000000000004
2026-03-13 09:00:00,1.7,46,9.2,1.79,23.99,0.92,26.7
2026-03-13 10:00:00,2.4,44,12.0,1.75,23.45,0.9,26.099999999999998
2026-03-13 11:00:00,3.3,41,13.1,2.06,27.63,1.06,30.749999999999996
2026-03-13 12:00:00,4.3,38,16.3,1.94,26.04,1.0,28.98
2026-03-13 13:00:00,5.1,38,19.3,1.78,23.91,0.92,26.610000000000003
2026-03-13 14:00:00,5.6,41,22.4,1.98,26.54,1.02,29.54
2026-03-13 15:00:00,4.7,51,32.6,1.75,23.5,0.9,26.15
2026-03-13 16:00:00,5.7,48,33.2,1.85,24.87,0.95,27.67
2026-03-13 17:00:00,5.7,50,30.0,1.59,21.29,0.82,23.7
2026-03-13 18:00:00,5.7,53,32.3,1.33,17.85,0.68,19.86
2026-03-13 19:00:00,5.7,55,28.9,1.34,18.04,0.69,20.07
2026-03-13 20:00:00,5.5,57,27.2,1.11,14.91,0.57,16.59
2026-03-13 21:00:00,5.6,61,27.4,0.55,7.39,0.28,8.219999999999999
2026-03-13 22:00:00,5.9,65,20.7,0.57,7.59,0.29,8.45
2026-03-13 23:00:00,5.9,67,23.7,0.49,6.61,0.25,7.3500000000000005
2026-03-14 00:00:00,6.1,68,25.2,0.52,7.17,0.27,7.959999999999999
2026-03-14 01:00:00,6.3,67,14.5,0.5,6.87,0.26,7.63
2026-03-14 02:00:00,5.9,69,13.3,0.5,6.86,0.26,7.62
2026-03-14 03:00:00,6.0,71,14.9,0.63,8.66,0.32,9.610000000000001
2026-03-14 04:00:00,5.6,75,13.6,0.66,9.12,0.34,10.12
2026-03-14 05:00:00,5.4,78,13.0,0.69,9.6,0.36,10.649999999999999
2026-03-14 06:00:00,5.5,77,16.2,1.48,20.51,0.77,22.76
2026-03-14 07:00:00,5.7,68,24.5,1.54,21.28,0.79,23.61
2026-03-14 08:00:00,6.3,54,28.6,1.56,21.62,0.81,23.99
2026-03-14 09:00:00,6.5,48,29.5,1.92,26.48,0.99,29.389999999999997
2026-03-14 10:00:00,6.9,46,31.0,1.88,26.0,0.97,28.849999999999998
2026-03-14 11:00:00,7.3,42,33.0,1.8,24.9,0.93,27.63
2026-03-14 12:00:00,7.3,38,34.9,2.08,28.75,1.07,31.9
2026-03-14 13:00:00,7.8,35,34.1,1.92,26.54,0.99,29.45
2026-03-14 14:00:00,8.9,31,32.6,1.73,23.88,0.89,26.5
2026-03-14 15:00:00,9.5,30,29.7,1.88,25.97,0.97,28.819999999999997
2026-03-14 16:00:00,9.7,30,29.3,1.63,22.56,0.84,25.029999999999998
2026-03-14 17:00:00,9.4,31,28.6,1.7,23.43,0.87,26.0
2026-03-14 18:00:00,8.9,34,25.7,1.43,19.74,0.74,21.909999999999997
2026-03-14 19:00:00,7.7,38,24.6,1.18,16.35,0.61,18.14
2026-03-14 20:00:00,7.4,39,22.0,1.19,16.42,0.61,18.220000000000002
2026-03-14 21:00:00,6.5,43,19.1,0.59,8.17,0.3,9.06
2026-03-14 22:00:00,5.8,47,18.5,0.5,6.86,0.26,7.62
2026-03-14 23:00:00,5.0,49,16.9,0.53,7.28,0.27,8.08
2026-03-15 00:00:00,4.2,49,16.5,0.46,6.49,0.24,7.19
2026-03-15 01:00:00,3.6,51,16.1,0.53,7.56,0.27,8.36
2026-03-15 02:00:00,3.4,52,14.4,0.53,7.59,0.28,8.399999999999999
2026-03-15 03:00:00,3.2,50,13.0,0.55,7.83,0.28,8.66
2026-03-15 04:00:00,2.9,47,13.2,0.71,10.05,0.36,11.120000000000001
2026-03-15 05:00:00,2.9,42,10.8,0.75,10.62,0.39,11.76
2026-03-15 06:00:00,2.8,41,11.2,1.3,18.52,0.67,20.490000000000002
2026-03-15 07:00:00,2.8,51,11.8,1.65,23.45,0.85,25.95
2026-03-15 08:00:00,2.9,52,14.2,1.68,23.94,0.87,26.490000000000002
2026-03-15 09:00:00,3.4,45,14.1,1.68,23.88,0.87,26.43
2026-03-15 10:00:00,4.2,41,15.5,2.02,28.67,1.04,31.73
2026-03-15 11:00:00,5.0,34,16.4,1.94,27.6,1.0,30.540000000000003
2026-03-15 12:00:00,5.7,29,20.1,1.82,25.89,0.94,28.650000000000002
2026-03-15 13:00:00,5.5,36,23.5,2.06,29.29,1.06,32.41
2026-03-15 14:00:00,5.1,43,24.0,1.86,26.49,0.96,29.31
2026-03-15 15:00:00,4.9,51,25.0,1.64,23.36,0.85,25.85
2026-03-15 16:00:00,4.8,57,24.3,1.75,24.91,0.9,27.56
2026-03-15 17:00:00,5.3,59,24.1,1.49,21.24,0.77,23.499999999999996
2026-03-15 18:00:00,5.9,61,24.1,1.53,21.71,0.79,24.03
2026-03-15 19:00:00,5.9,65,25.9,1.27,18.06,0.66,19.99
2026-03-15 20:00:00,6.1,68,24.5,1.05,14.87,0.54,16.46
2026-03-15 21:00:00,6.4,72,25.0,0.63,9.0,0.33,9.96
2026-03-15 22:00:00,6.8,77,25.0,0.53,7.59,0.28,8.399999999999999
2026-03-15 23:00:00,7.3,80,26.1,0.46,6.58,0.24,7.28
2026-03-16 00:00:00,7.8,83,29.3,0.49,7.16,0.25,7.9
2026-03-16 01:00:00,8.0,86,30.1,0.47,6.84,0.24,7.55
2026-03-16 02:00:00,7.7,89,26.3,0.57,8.35,0.3,9.22
2026-03-16 03:00:00,7.7,95,24.9,0.59,8.65,0.31,9.55
2026-03-16 04:00:00,8.0,97,25.1,0.62,9.08,0.32,10.02
2026-03-16 05:00:00,8.5,98,25.2,0.8,11.69,0.41,12.9
2026-03-16 06:00:00,8.7,98,24.5,1.4,20.48,0.73,22.61
2026-03-16 07:00:00,8.8,98,24.2,1.45,21.16,0.75,23.36
2026-03-16 08:00:00,8.9,99,21.3,1.8,26.36,0.93,29.09
2026-03-16 09:00:00,9.5,99,22.7,1.81,26.42,0.94,29.17
2026-03-16 10:00:00,9.3,99,21.3,1.77,25.84,0.91,28.52
2026-03-16 11:00:00,9.5,98,20.6,2.08,30.41,1.08,33.57
2026-03-16 12:00:00,10.0,98,21.4,1.96,28.68,1.02,31.66
2026-03-16 13:00:00,10.4,99,22.8,1.8,26.36,0.93,29.09
2026-03-16 14:00:00,10.2,98,25.3,2.0,29.21,1.03,32.24
2026-03-16 15:00:00,10.9,98,26.2,1.77,25.89,0.92,28.580000000000002
2026-03-16 16:00:00,10.9,97,28.6,1.53,22.38,0.79,24.7
2026-03-16 17:00:00,10.7,98,26.4,1.6,23.44,0.83,25.87
2026-03-16 18:00:00,9.5,97,27.3,1.34,19.66,0.7,21.7
2026-03-16 19:00:00,10.3,99,30.3,1.36,19.85,0.7,21.91
2026-03-16 20:00:00,10.7,98,32.4,1.12,16.42,0.58,18.12
2026-03-16 21:00:00,10.0,98,32.9,0.56,8.14,0.29,8.99
2026-03-16 22:00:00,9.6,98,35.0,0.57,8.35,0.3,9.22
2026-03-16 23:00:00,10.8,98,43.6,0.5,7.27,0.26,8.03
2026-03-17 00:00:00,13.6,93,50.0,0.52,7.87,0.27,8.66
2026-03-17 01:00:00,7.0,65,38.3,0.5,7.55,0.26,8.31
2026-03-17 02:00:00,6.2,70,32.9,0.5,7.54,0.26,8.299999999999999
2026-03-17 03:00:00,5.2,62,33.5,0.63,9.51,0.33,10.47
2026-03-17 04:00:00,4.3,58,32.1,0.67,10.02,0.35,11.04
2026-03-17 05:00:00,3.3,53,35.6,0.7,10.55,0.36,11.61
2026-03-17 06:00:00,1.9,47,32.1,1.5,22.52,0.78,24.8
2026-03-17 07:00:00,1.0,47,31.0,1.56,23.38,0.81,25.749999999999996
2026-03-17 08:00:00,0.9,47,29.9,1.58,23.77,0.82,26.17
2026-03-17 09:00:00,1.2,45,29.8,1.93,29.07,1.0,32.0
2026-03-17 10:00:00,1.4,41,29.6,1.9,28.57,0.99,31.459999999999997
2026-03-17 11:00:00,2.2,38,28.6,1.82,27.38,0.95,30.15
2026-03-17 12:00:00,3.1,33,28.0,2.1,31.57,1.09,34.760000000000005
2026-03-17 13:00:00,3.9,30,30.3,1.94,29.17,1.01,32.120000000000005
2026-03-17 14:00:00,4.3,29,27.6,1.75,26.26,0.91,28.92
2026-03-17 15:00:00,4.8,28,30.0,1.9,28.52,0.99,31.409999999999997
2026-03-17 16:00:00,4.7,27,31.7,1.65,24.79,0.86,27.299999999999997
2026-03-17 17:00:00,4.1,29,30.8,1.4,21.05,0.73,23.18
2026-03-17 18:00:00,3.6,30,29.4,1.44,21.68,0.75,23.87
2026-03-17 19:00:00,3.1,33,25.2,1.19,17.97,0.62,19.78
2026-03-17 20:00:00,2.5,34,23.0,1.2,18.03,0.62,19.85
2026-03-17 21:00:00,1.9,39,23.1,0.6,8.98,0.31,9.89
2026-03-17 22:00:00,1.1,47,22.4,0.5,7.54,0.26,8.299999999999999
2026-03-17 23:00:00,0.3,50,22.4,0.53,7.99,0.28,8.799999999999999
2026-03-18 00:00:00,-0.4,48,22.2,0.46,7.11,0.24,7.8100000000000005
2026-03-18 01:00:00,-0.8,44,21.4,0.54,8.28,0.28,9.1
2026-03-18 02:00:00,-0.9,38,19.9,0.54,8.32,0.28,9.139999999999999
2026-03-18 03:00:00,-1.5,37,20.4,0.56,8.59,0.29,9.44
2026-03-18 04:00:00,-2.0,39,20.6,0.71,11.0,0.37,12.08
2026-03-18 05:00:00,-2.4,41,19.7,0.75,11.64,0.39,12.780000000000001
2026-03-18 06:00:00,-2.7,39,18.7,1.32,20.32,0.69,22.330000000000002
2026-03-18 07:00:00,-2.9,38,17.1,1.66,25.69,0.87,28.220000000000002
2026-03-18 08:00:00,-2.6,36,16.1,1.7,26.24,0.89,28.83
2026-03-18 09:00:00,-2.2,34,16.6,1.7,26.19,0.88,28.77
2026-03-18 10:00:00,-1.8,32,18.0,2.03,31.41,1.06,34.5
2026-03-18 11:00:00,-1.3,30,16.7,1.96,30.25,1.02,33.230000000000004
2026-03-18 12:00:00,-0.7,28,14.4,1.84,28.41,0.96,31.21
2026-03-18 13:00:00,0.4,24,5.2,2.08,32.09,1.08,35.25
2026-03-18 14:00:00,1.2,22,5.1,1.88,29.04,0.98,31.9
2026-03-18 15:00:00,1.3,24,10.8,1.66,25.63,0.86,28.15
2026-03-18 16:00:00,1.3,27,14.2,1.77,27.29,0.92,29.98
2026-03-18 17:00:00,1.1,31,15.3,1.51,23.29,0.79,25.59
2026-03-18 18:00:00,1.1,34,15.0,1.26,19.45,0.66,21.37
2026-03-18 19:00:00,0.9,37,15.8,1.28,19.79,0.67,21.740000000000002
2026-03-18 20:00:00,0.6,43,14.3,1.06,16.3,0.55,17.91
2026-03-18 21:00:00,0.7,46,14.7,0.64,9.85,0.33,10.82
2026-03-18 22:00:00,0.7,49,14.8,0.54,8.32,0.28,9.139999999999999
2026-03-18 23:00:00,0.8,50,13.2,0.47,7.22,0.24,7.93
2026-03-19 00:00:00,0.8,51,12.5,0.49,7.83,0.26,8.58
2026-03-19 01:00:00,0.8,51,12.1,0.47,7.49,0.25,8.21
2026-03-19 02:00:00,0.8,53,11.9,0.58,9.12,0.3,10.0
2026-03-19 03:00:00,0.7,54,11.3,0.6,9.46,0.31,10.370000000000001
2026-03-19 04:00:00,0.7,54,11.3,0.63,9.93,0.33,10.89
2026-03-19 05:00:00,0.7,55,8.9,0.81,12.78,0.42,14.01
2026-03-19 06:00:00,0.6,56,9.0,1.41,22.4,0.74,24.549999999999997
2026-03-19 07:00:00,0.6,56,7.7,1.46,23.16,0.76,25.380000000000003
2026-03-19 08:00:00,1.2,54,7.6,1.82,28.81,0.95,31.58
2026-03-19 09:00:00,1.9,51,10.8,1.82,28.9,0.95,31.669999999999998
2026-03-19 10:00:00,2.5,49,12.2,1.79,28.28,0.93,31.0
2026-03-19 11:00:00,3.2,45,13.4,2.1,33.24,1.1,36.440000000000005
2026-03-19 12:00:00,3.7,44,15.0,1.98,31.36,1.03,34.37
2026-03-19 13:00:00,4.4,43,15.5,1.82,28.85,0.95,31.62
2026-03-19 14:00:00,4.6,43,16.4,2.02,31.93,1.05,35.0
2026-03-19 15:00:00,4.5,45,17.2,1.79,28.32,0.93,31.04
2026-03-19 16:00:00,4.3,47,16.6,1.55,24.5,0.81,26.86
2026-03-19 17:00:00,4.0,49,16.5,1.62,25.62,0.85,28.090000000000003
2026-03-19 18:00:00,4.5,49,15.1,1.36,21.51,0.71,23.580000000000002
2026-03-19 19:00:00,4.7,51,15.5,1.12,17.74,0.59,19.45
2026-03-19 20:00:00,5.1,54,13.4,1.13,17.95,0.59,19.669999999999998
2026-03-19 21:00:00,5.1,59,13.5,0.56,8.9,0.29,9.75
2026-03-19 22:00:00,5.3,63,10.9,0.58,9.12,0.3,10.0
2026-03-19 23:00:00,5.3,62,6.8,0.5,7.95,0.26,8.709999999999999
2026-03-20 00:00:00,5.4,62,5.1,0.43,7.01,0.23,7.67
2026-03-20 01:00:00,5.3,64,7.8,0.51,8.23,0.27,9.01
2026-03-20 02:00:00,5.3,66,9.0,0.51,8.23,0.27,9.01
2026-03-20 03:00:00,4.8,68,9.5,0.64,10.36,0.33,11.33
2026-03-20 04:00:00,5.0,68,12.1,0.67,10.93,0.35,11.95
2026-03-20 05:00:00,4.9,68,12.1,0.71,11.52,0.37,12.6
2026-03-20 06:00:00,4.3,70,10.7,1.51,24.55,0.79,26.85
2026-03-20 07:00:00,4.0,72,10.2,1.57,25.51,0.82,27.900000000000002
2026-03-20 08:00:00,4.1,70,8.7,1.6,25.95,0.84,28.39
2026-03-20 09:00:00,4.9,67,8.9,1.95,31.7,1.02,34.67
2026-03-20 10:00:00,6.0,63,10.4,1.92,31.17,1.01,34.1
2026-03-20 11:00:00,7.3,60,13.9,1.84,29.89,0.97,32.7
2026-03-20 12:00:00,8.9,59,15.5,2.12,34.42,1.11,37.65
2026-03-20 13:00:00,9.7,60,18.8,1.96,31.82,1.03,34.81
2026-03-20 14:00:00,9.9,62,19.0,1.77,28.68,0.93,31.38
2026-03-20 15:00:00,10.9,61,21.6,1.92,31.1,1.0,34.02
2026-03-20 16:00:00,12.3,56,23.2,1.67,27.05,0.87,29.59
2026-03-20 17:00:00,11.6,60,24.6,1.42,22.98,0.74,25.139999999999997
2026-03-20 18:00:00,12.3,59,25.4,1.46,23.64,0.76,25.860000000000003
2026-03-20 19:00:00,11.5,62,20.9,1.21,19.61,0.63,21.45
2026-03-20 20:00:00,10.9,74,15.8,0.99,16.08,0.52,17.589999999999996
2026-03-20 21:00:00,9.6,84,15.6,0.6,9.79,0.32,10.709999999999999
2026-03-20 22:00:00,10.5,83,24.8,0.51,8.23,0.27,9.01
2026-03-20 23:00:00,10.2,93,17.4,0.54,8.71,0.28,9.53
2026-03-21 00:00:00,9.8,99,7.4,0.47,7.74,0.24,8.450000000000001
2026-03-21 01:00:00,9.7,98,9.6,0.44,7.37,0.23,8.040000000000001
2026-03-21 02:00:00,9.8,96,10.6,0.54,9.05,0.29,9.879999999999999
2026-03-21 03:00:00,9.2,97,9.5,0.56,9.35,0.3,10.21
2026-03-21 04:00:00,9.3,98,6.4,0.72,11.97,0.38,13.070000000000002
2026-03-21 05:00:00,9.4,98,7.2,0.76,12.67,0.4,13.83
2026-03-21 06:00:00,9.3,96,12.7,1.33,22.12,0.7,24.150000000000002
2026-03-21 07:00:00,9.4,87,11.8,1.68,27.94,0.88,30.5
2026-03-21 08:00:00,9.3,79,14.0,1.72,28.56,0.9,31.179999999999996
2026-03-21 09:00:00,9.4,71,18.9,1.71,28.52,0.9,31.13
2026-03-21 10:00:00,9.6,61,25.5,2.05,34.16,1.08,37.28999999999999
2026-03-21 11:00:00,9.8,57,23.4,1.98,32.93,1.04,35.949999999999996
2026-03-21 12:00:00,10.7,53,16.9,1.86,30.94,0.98,33.78
2026-03-21 13:00:00,11.8,46,17.3,2.1,34.9,1.1,38.1
2026-03-21 14:00:00,12.7,42,14.8,1.9,31.61,1.0,34.51
2026-03-21 15:00:00,13.1,39,15.5,1.68,27.92,0.88,30.48
2026-03-21 16:00:00,13.3,38,14.8,1.78,29.69,0.94,32.410000000000004
2026-03-21 17:00:00,13.1,37,17.4,1.52,25.35,0.8,27.67
2026-03-21 18:00:00,12.4,38,19.0,1.27,21.19,0.67,23.130000000000003
2026-03-21 19:00:00,11.4,41,15.9,1.29,21.53,0.68,23.5
2026-03-21 20:00:00,10.7,46,11.1,1.07,17.75,0.56,19.38
2026-03-21 21:00:00,9.7,49,14.0,0.53,8.76,0.28,9.569999999999999
2026-03-21 22:00:00,8.7,50,13.2,0.54,9.05,0.29,9.879999999999999
2026-03-21 23:00:00,8.2,51,12.7,0.47,7.86,0.25,8.58
2026-03-22 00:00:00,7.8,52,11.8,0.5,8.5,0.26,9.26
2026-03-22 01:00:00,7.6,52,11.3,0.48,8.13,0.25,8.860000000000001
2026-03-22 02:00:00,7.3,55,7.3,0.48,8.09,0.25,8.82
2026-03-22 03:00:00,7.1,55,5.6,0.6,10.26,0.32,11.18
2026-03-22 04:00:00,7.2,55,14.2,0.63,10.79,0.33,11.75
2026-03-22 05:00:00,7.0,60,12.6,0.81,13.86,0.43,15.1
2026-03-22 06:00:00,7.0,66,14.2,1.43,24.31,0.75,26.49
2026-03-22 07:00:00,6.9,70,17.4,1.48,25.15,0.78,27.41
2026-03-22 08:00:00,7.2,72,15.6,1.84,31.25,0.97,34.06
2026-03-22 09:00:00,7.8,68,20.6,1.84,31.36,0.97,34.17
2026-03-22 10:00:00,8.7,68,21.6,1.8,30.72,0.95,33.47
2026-03-22 11:00:00,10.1,67,15.9,2.12,36.06,1.12,39.3
2026-03-22 12:00:00,12.1,66,13.4,2.0,34.05,1.06,37.11
2026-03-22 13:00:00,13.7,65,13.7,1.84,31.34,0.97,34.15
2026-03-22 14:00:00,14.4,63,6.0,2.03,34.64,1.07,37.74
2026-03-22 15:00:00,14.8,61,11.7,1.81,30.74,0.95,33.5
2026-03-22 16:00:00,13.8,64,11.9,1.56,26.62,0.83,29.009999999999998
2026-03-22 17:00:00,12.8,68,12.3,1.63,27.8,0.86,30.29
2026-03-22 18:00:00,13.7,65,11.0,1.37,23.36,0.72,25.45
2026-03-22 19:00:00,14.0,65,5.1,1.13,19.28,0.6,21.01
2026-03-22 20:00:00,12.1,77,11.4,1.14,19.47,0.6,21.21
2026-03-22 21:00:00,12.3,82,10.3,0.57,9.67,0.3,10.540000000000001
2026-03-22 22:00:00,11.9,89,8.4,0.48,8.09,0.25,8.82
2026-03-22 23:00:00,11.2,89,8.7,0.51,8.63,0.27,9.41
2026-03-23 00:00:00,11.3,89,5.8,0.44,7.6,0.23,8.27
2026-03-23 01:00:00,10.8,90,4.8,0.51,8.91,0.27,9.69
2026-03-23 02:00:00,11.3,91,11.5,0.51,8.92,0.27,9.7
2026-03-23 03:00:00,9.9,84,17.4,0.53,9.17,0.28,9.979999999999999
2026-03-23 04:00:00,9.2,83,21.5,0.68,11.83,0.36,12.87
2026-03-23 05:00:00,8.3,86,15.3,0.72,12.48,0.38,13.580000000000002
2026-03-23 06:00:00,8.0,89,16.5,1.53,26.56,0.81,28.9
2026-03-23 07:00:00,7.5,88,16.2,1.59,27.61,0.84,30.04
2026-03-23 08:00:00,6.7,83,20.3,1.61,28.11,0.86,30.58
2026-03-23 09:00:00,6.5,82,19.3,1.97,34.3,1.04,37.309999999999995
2026-03-23 10:00:00,6.2,78,18.8,1.94,33.75,1.03,36.72
2026-03-23 11:00:00,4.4,92,15.2,1.86,32.39,0.99,35.24
2026-03-23 12:00:00,4.9,91,12.8,2.14,37.25,1.13,40.52
2026-03-23 13:00:00,4.0,93,15.0,1.98,34.46,1.05,37.489999999999995
2026-03-23 14:00:00,4.0,92,14.2,1.79,31.08,0.95,33.82
2026-03-23 15:00:00,4.6,88,15.0,1.93,33.66,1.03,36.62
2026-03-23 16:00:00,4.9,82,17.1,1.68,29.3,0.89,31.87
2026-03-23 17:00:00,4.9,84,12.4,1.43,24.91,0.76,27.1
2026-03-23 18:00:00,4.7,83,14.1,1.47,25.59,0.78,27.84
2026-03-23 19:00:00,3.6,73,21.8,1.22,21.23,0.65,23.099999999999998
2026-03-23 20:00:00,2.8,66,24.8,1.0,17.42,0.53,18.950000000000003
2026-03-23 21:00:00,2.2,67,19.2,0.61,10.6,0.32,11.53
2026-03-23 22:00:00,1.4,62,18.4,0.51,8.92,0.27,9.7
2026-03-23 23:00:00,0.5,61,19.1,0.44,7.71,0.23,8.38
2026-03-24 00:00:00,0.3,60,19.3,0.47,8.37,0.25,9.09
2026-03-24 01:00:00,0.2,60,16.3,0.45,7.97,0.24,8.66
2026-03-24 02:00:00,0.0,64,12.2,0.55,9.77,0.29,10.61
2026-03-24 03:00:00,-0.2,66,10.7,0.57,10.1,0.3,10.97
2026-03-24 04:00:00,-0.3,67,11.3,0.59,10.56,0.32,11.47
2026-03-24 05:00:00,-0.5,69,9.0,0.77,13.68,0.41,14.86
2026-03-24 06:00:00,-0.3,69,9.0,1.34,23.9,0.72,25.959999999999997
2026-03-24 07:00:00,-0.7,71,8.9,1.7,30.15,0.9,32.75
2026-03-24 08:00:00,0.4,67,13.0,1.73,30.84,0.92,33.49
2026-03-24 09:00:00,1.9,56,15.3,1.73,30.82,0.92,33.47
2026-03-24 10:00:00,3.5,46,15.9,2.07,36.87,1.1,40.04
2026-03-24 11:00:00,5.0,41,16.5,2.0,35.56,1.06,38.620000000000005
2026-03-24 12:00:00,6.5,38,16.8,1.88,33.43,1.0,36.31
2026-03-24 13:00:00,7.3,34,10.5,2.12,37.67,1.13,40.92
2026-03-24 14:00:00,8.1,36,5.9,1.92,34.14,1.02,37.080000000000005
2026-03-24 15:00:00,8.8,32,6.3,1.7,30.17,0.9,32.77
2026-03-24 16:00:00,9.0,29,10.5,1.8,32.05,0.96,34.809999999999995
2026-03-24 17:00:00,9.1,28,11.3,1.54,27.38,0.82,29.74
2026-03-24 18:00:00,6.8,36,19.3,1.29,22.91,0.69,24.89
2026-03-24 19:00:00,4.9,40,19.2,1.31,23.24,0.7,25.249999999999996
2026-03-24 20:00:00,4.4,41,16.3,1.08,19.17,0.57,20.82
2026-03-24 21:00:00,3.8,49,13.6,0.53,9.47,0.28,10.28
2026-03-24 22:00:00,3.8,51,11.9,0.55,9.77,0.29,10.61
2026-03-24 23:00:00,3.6,56,9.4,0.48,8.49,0.25,9.22
2026-03-25 00:00:00,3.4,53,9.2,0.5,9.15,0.27,9.92
2026-03-25 01:00:00,3.2,60,8.7,0.48,8.76,0.26,9.5
2026-03-25 02:00:00,3.2,54,10.8,0.48,8.73,0.26,9.47
2026-03-25 03:00:00,2.3,64,9.7,0.61,11.05,0.33,11.99
2026-03-25 04:00:00,1.8,72,9.9,0.64,11.62,0.34,12.6
2026-03-25 05:00:00,1.4,71,7.8,0.67,12.2,0.36,13.229999999999999
2026-03-25 06:00:00,1.3,71,5.8,1.44,26.18,0.77,28.39
2026-03-25 07:00:00,0.9,73,6.8,1.49,27.11,0.8,29.4
2026-03-25 08:00:00,2.5,74,5.4,1.85,33.64,0.99,36.480000000000004
2026-03-25 09:00:00,4.9,63,2.3,1.86,33.78,0.99,36.63
2026-03-25 10:00:00,6.9,46,1.8,1.82,33.11,0.98,35.91
2026-03-25 11:00:00,8.4,42,0.4,2.14,38.81,1.14,42.09
2026-03-25 12:00:00,9.8,40,8.0,2.02,36.67,1.08,39.77
2026-03-25 13:00:00,11.0,33,9.9,1.86,33.78,0.99,36.63
2026-03-25 14:00:00,11.6,32,13.8,2.05,37.29,1.1,40.44
2026-03-25 15:00:00,11.8,39,17.2,1.82,33.12,0.98,35.919999999999995
2026-03-25 16:00:00,10.4,51,21.4,1.58,28.7,0.85,31.130000000000003
2026-03-25 17:00:00,10.1,45,22.7,1.65,29.93,0.88,32.46
2026-03-25 18:00:00,9.8,43,21.4,1.39,25.16,0.74,27.29
2026-03-25 19:00:00,8.8,43,24.0,1.15,20.79,0.61,22.549999999999997
2026-03-25 20:00:00,8.5,41,25.0,1.15,20.97,0.62,22.74
2026-03-25 21:00:00,7.6,56,22.7,0.57,10.42,0.31,11.3
2026-03-25 22:00:00,7.4,60,17.8,0.48,8.73,0.26,9.47
2026-03-25 23:00:00,7.2,65,15.5,0.51,9.29,0.27,10.069999999999999
2026-03-26 00:00:00,6.8,70,9.4,0.44,8.18,0.24,8.86
2026-03-26 01:00:00,6.8,73,9.2,0.52,9.57,0.28,10.37
2026-03-26 02:00:00,6.8,74,9.8,0.52,9.58,0.28,10.379999999999999
2026-03-26 03:00:00,7.2,72,6.2,0.53,9.86,0.29,10.679999999999998
2026-03-26 04:00:00,7.6,74,6.3,0.69,12.71,0.37,13.77
2026-03-26 05:00:00,7.7,76,10.8,0.72,13.41,0.39,14.520000000000001
2026-03-26 06:00:00,7.6,75,11.5,1.26,23.33,0.68,25.27
2026-03-26 07:00:00,8.6,74,11.8,1.6,29.66,0.86,32.120000000000005
2026-03-26 08:00:00,9.4,78,7.3,1.63,30.22,0.88,32.73
2026-03-26 09:00:00,10.3,74,11.9,1.99,36.82,1.07,39.88
2026-03-26 10:00:00,13.0,65,16.2,1.96,36.25,1.05,39.26
2026-03-26 11:00:00,15.4,55,21.7,1.88,34.82,1.01,37.71
2026-03-26 12:00:00,18.2,42,18.6,2.16,39.99,1.16,43.31
2026-03-26 13:00:00,20.5,37,16.4,2.0,37.02,1.07,40.09
2026-03-26 14:00:00,22.1,36,18.4,1.8,33.41,0.97,36.17999999999999
2026-03-26 15:00:00,23.2,36,18.8,1.95,36.14,1.05,39.14
2026-03-26 16:00:00,23.8,31,18.4,1.7,31.48,0.91,34.089999999999996
2026-03-26 17:00:00,23.9,32,19.7,1.45,26.78,0.78,29.01
2026-03-26 18:00:00,22.5,38,15.9,1.48,27.48,0.8,29.76
2026-03-26 19:00:00,19.7,40,13.0,1.23,22.82,0.66,24.71
2026-03-26 20:00:00,19.0,46,18.4,1.01,18.74,0.54,20.29
2026-03-26 21:00:00,19.0,51,19.5,0.61,11.38,0.33,12.32
2026-03-26 22:00:00,19.1,52,23.6,0.52,9.58,0.28,10.379999999999999
2026-03-26 23:00:00,18.6,55,18.3,0.45,8.29,0.24,8.979999999999999
2026-03-27 00:00:00,18.8,52,13.6,0.48,8.96,0.26,9.700000000000001
2026-03-27 01:00:00,16.8,73,12.8,0.45,8.54,0.24,9.229999999999999
2026-03-27 02:00:00,16.8,82,17.1,0.55,10.46,0.3,11.310000000000002
2026-03-27 03:00:00,16.4,87,10.7,0.57,10.82,0.31,11.700000000000001
2026-03-27 04:00:00,15.5,87,8.6,0.6,11.33,0.32,12.25
2026-03-27 05:00:00,15.3,83,7.2,0.78,14.65,0.42,15.85
2026-03-27 06:00:00,15.0,79,11.0,1.36,25.62,0.73,27.71
2026-03-27 07:00:00,14.8,75,16.6,1.4,26.41,0.76,28.57
2026-03-27 08:00:00,12.9,69,25.0,1.75,33.03,0.95,35.730000000000004
2026-03-27 09:00:00,12.4,65,21.4,1.75,33.04,0.95,35.74
2026-03-27 10:00:00,10.7,58,22.7,2.09,39.47,1.13,42.690000000000005
2026-03-27 11:00:00,11.4,51,25.0,2.02,38.09,1.09,41.20000000000001
2026-03-27 12:00:00,12.1,48,20.2,1.9,35.84,1.03,38.77
2026-03-27 13:00:00,11.8,46,22.1,2.14,40.33,1.15,43.62
2026-03-27 14:00:00,11.6,42,22.0,1.94,36.58,1.05,39.56999999999999
2026-03-27 15:00:00,10.6,44,19.6,1.71,32.35,0.93,34.99
2026-03-27 16:00:00,10.1,47,16.5,1.82,34.32,0.98,37.12
2026-03-27 17:00:00,9.5,43,14.1,1.56,29.34,0.84,31.74
2026-03-27 18:00:00,8.6,45,14.8,1.3,24.56,0.7,26.56
2026-03-27 19:00:00,8.4,43,13.5,1.32,24.89,0.71,26.92
2026-03-27 20:00:00,7.4,39,7.4,1.09,20.54,0.59,22.22
2026-03-27 21:00:00,6.6,34,8.8,0.54,10.16,0.29,10.989999999999998
2026-03-27 22:00:00,5.3,34,3.5,0.55,10.46,0.3,11.310000000000002
2026-03-27 23:00:00,4.8,38,3.9,0.48,9.1,0.26,9.84
2026-03-28 00:00:00,4.4,40,4.6,0.51,9.77,0.28,10.559999999999999
2026-03-28 01:00:00,3.7,40,15.2,0.49,9.36,0.26,10.11
2026-03-28 02:00:00,3.1,44,11.7,0.49,9.33,0.26,10.08
2026-03-28 03:00:00,1.6,52,12.6,0.61,11.81,0.33,12.75
2026-03-28 04:00:00,1.1,48,15.2,0.65,12.42,0.35,13.42
2026-03-28 05:00:00,0.7,53,11.5,0.68,13.05,0.37,14.1
2026-03-28 06:00:00,-0.0,52,13.6,1.46,27.96,0.79,30.21
2026-03-28 07:00:00,-0.5,56,12.2,1.51,28.97,0.82,31.3
2026-03-28 08:00:00,-0.4,53,17.2,1.53,29.38,0.83,31.74
2026-03-28 09:00:00,0.4,51,16.7,1.88,36.09,1.02,38.99000000000001
2026-03-28 10:00:00,1.5,43,20.9,1.84,35.39,1.0,38.230000000000004
2026-03-28 11:00:00,2.9,35,19.0,2.16,41.44,1.17,44.769999999999996
2026-03-28 12:00:00,4.0,29,21.1,2.04,39.18,1.11,42.33
2026-03-28 13:00:00,5.0,27,20.1,1.88,36.12,1.02,39.02
2026-03-28 14:00:00,5.8,26,21.5,2.07,39.82,1.13,43.02
2026-03-28 15:00:00,6.4,23,22.1,1.84,35.39,1.0,38.230000000000004
2026-03-28 16:00:00,6.7,23,24.1,1.6,30.69,0.87,33.16
2026-03-28 17:00:00,6.5,23,25.6,1.66,31.96,0.9,34.519999999999996
2026-03-28 18:00:00,6.1,22,21.1,1.4,26.89,0.76,29.05
2026-03-28 19:00:00,5.0,23,17.5,1.16,22.23,0.63,24.02
2026-03-28 20:00:00,3.6,26,12.5,1.17,22.39,0.63,24.19
2026-03-28 21:00:00,2.9,29,8.1,0.58,11.13,0.31,12.020000000000001
2026-03-28 22:00:00,1.9,32,8.1,0.49,9.33,0.26,10.08
2026-03-28 23:00:00,0.7,43,6.2,0.52,9.93,0.28,10.729999999999999
2026-03-29 00:00:00,0.3,42,2.3,0.45,8.72,0.24,9.41
2026-03-29 01:00:00,0.6,36,1.5,0.52,10.19,0.28,10.989999999999998
2026-03-29 02:00:00,0.6,29,1.9,0.52,10.21,0.29,11.02
2026-03-29 03:00:00,-0.2,35,0.5,0.54,10.52,0.29,11.349999999999998
2026-03-29 04:00:00,-0.3,43,0.8,0.69,13.54,0.38,14.61
2026-03-29 05:00:00,-0.5,43,1.4,0.73,14.3,0.4,15.430000000000001
2026-03-29 06:00:00,-0.7,55,2.5,1.27,24.89,0.7,26.86
2026-03-29 07:00:00,-0.5,55,2.6,1.62,31.6,0.88,34.1
2026-03-29 08:00:00,1.2,62,5.0,1.65,32.21,0.9,34.76
2026-03-29 09:00:00,4.1,63,10.0,1.64,32.07,0.9,34.61
2026-03-29 10:00:00,6.5,56,10.1,1.98,38.62,1.08,41.67999999999999
2026-03-29 11:00:00,7.7,51,12.0,1.9,37.12,1.04,40.059999999999995
2026-03-29 12:00:00,9.1,39,10.2,2.18,42.58,1.19,45.949999999999996
2026-03-29 13:00:00,10.5,29,13.2,2.02,39.44,1.1,42.56
2026-03-29 14:00:00,11.7,34,19.6,1.82,35.62,1.0,38.44
2026-03-29 15:00:00,12.1,29,22.1,1.97,38.48,1.08,41.529999999999994
2026-03-29 16:00:00,11.8,39,25.1,1.72,33.54,0.94,36.199999999999996
2026-03-29 17:00:00,11.9,40,22.2,1.46,28.56,0.8,30.82
2026-03-29 18:00:00,10.7,49,21.3,1.5,29.26,0.82,31.580000000000002
2026-03-29 19:00:00,9.3,48,23.4,1.24,24.31,0.68,26.229999999999997
2026-03-29 20:00:00,8.3,48,22.7,1.02,19.98,0.56,21.56
2026-03-29 21:00:00,7.4,52,14.8,0.62,12.12,0.34,13.079999999999998
2026-03-29 22:00:00,7.5,55,17.0,0.52,10.21,0.29,11.02
2026-03-29 23:00:00,7.7,59,15.5,0.45,8.85,0.25,9.549999999999999
2026-03-30 00:00:00,7.3,58,17.4,0.48,9.53,0.26,10.27
2026-03-30 01:00:00,7.1,61,13.0,0.46,9.09,0.25,9.8
2026-03-30 02:00:00,6.6,69,9.7,0.56,11.11,0.31,11.98
2026-03-30 03:00:00,6.3,69,8.8,0.58,11.5,0.32,12.4
2026-03-30 04:00:00,6.1,73,7.3,0.61,12.05,0.33,12.99
2026-03-30 05:00:00,5.8,78,9.0,0.78,15.56,0.43,16.77
2026-03-30 06:00:00,5.7,80,6.9,1.37,27.23,0.75,29.35
2026-03-30 07:00:00,6.9,78,8.7,1.42,28.09,0.78,30.29
2026-03-30 08:00:00,8.5,83,11.8,1.77,35.09,0.97,37.830000000000005
2026-03-30 09:00:00,9.9,78,16.7,1.77,35.12,0.97,37.86
2026-03-30 10:00:00,13.3,68,21.9,1.73,34.29,0.95,36.97
2026-03-30 11:00:00,15.9,55,22.7,2.04,40.47,1.12,43.629999999999995
2026-03-30 12:00:00,18.4,42,22.9,1.92,38.11,1.05,41.08
2026-03-30 13:00:00,20.4,40,23.5,2.16,42.83,1.18,46.169999999999995
2026-03-30 14:00:00,21.5,35,22.6,1.96,38.86,1.08,41.9
2026-03-30 15:00:00,22.2,33,24.4,1.73,34.4,0.95,37.08
2026-03-30 16:00:00,22.4,34,24.9,1.84,36.44,1.01,39.29
2026-03-30 17:00:00,21.9,36,24.1,1.57,31.18,0.86,33.61
2026-03-30 18:00:00,21.2,41,23.7,1.32,26.12,0.72,28.16
2026-03-30 19:00:00,19.6,42,18.2,1.33,26.44,0.73,28.500000000000004
2026-03-30 20:00:00,18.7,46,18.1,1.1,21.83,0.6,23.53
2026-03-30 21:00:00,18.0,54,17.7,0.54,10.81,0.3,11.650000000000002
2026-03-30 22:00:00,17.1,56,13.8,0.56,11.11,0.31,11.98
2026-03-30 23:00:00,16.6,56,10.9,0.49,9.67,0.27,10.43
2026-03-31 00:00:00,16.2,56,12.2,0.51,10.35,0.28,11.139999999999999
2026-03-31 01:00:00,15.7,62,9.8,0.49,9.92,0.27,10.68
2026-03-31 02:00:00,15.4,69,6.1,0.49,9.9,0.27,10.66
2026-03-31 03:00:00,15.7,71,10.3,0.62,12.5,0.34,13.459999999999999
2026-03-31 04:00:00,15.7,73,9.3,0.65,13.17,0.36,14.18
2026-03-31 05:00:00,15.4,76,7.6,0.69,13.84,0.38,14.91
2026-03-31 06:00:00,15.0,70,13.7,1.47,29.62,0.81,31.9
2026-03-31 07:00:00,15.5,69,13.8,1.52,30.71,0.84,33.07000000000001
2026-03-31 08:00:00,16.3,64,16.6,1.55,31.17,0.85,33.57
2026-03-31 09:00:00,18.2,62,20.9,1.9,38.23,1.05,41.17999999999999
2026-03-31 10:00:00,20.6,55,19.6,1.86,37.52,1.03,40.410000000000004
2026-03-31 11:00:00,22.7,48,19.7,1.78,35.9,0.98,38.66
2026-03-31 12:00:00,24.6,48,22.3,2.06,41.51,1.14,44.71
2026-03-31 13:00:00,25.9,45,24.0,1.9,38.29,1.05,41.239999999999995
2026-03-31 14:00:00,25.9,47,24.7,2.09,42.16,1.16,45.41
2026-03-31 15:00:00,26.7,45,20.9,1.86,37.49,1.03,40.38
2026-03-31 16:00:00,27.6,38,21.2,1.61,32.54,0.89,35.04
2026-03-31 17:00:00,26.1,40,24.9,1.68,33.85,0.93,36.46
2026-03-31 18:00:00,25.8,44,23.5,1.41,28.49,0.78,30.68
2026-03-31 19:00:00,24.8,44,18.2,1.17,23.58,0.65,25.4
2026-03-31 20:00:00,23.7,44,16.3,1.18,23.72,0.65,25.549999999999997
2026-03-31 21:00:00,22.4,51,13.0,0.59,11.8,0.32,12.71
2026-03-31 22:00:00,21.3,55,14.4,0.49,9.9,0.27,10.66
2026-03-31 23:00:00,20.3,62,15.9,0.52,10.51,0.29,11.319999999999999
2026-04-01 00:00:00,20.0,59,12.8,0.47,9.52,0.26,10.25
2026-04-01 01:00:00,19.7,58,16.0,0.44,9.05,0.25,9.74
2026-04-01 02:00:00,19.7,58,15.2,0.54,11.12,0.3,11.96
2026-04-01 03:00:00,20.3,56,18.4,0.56,11.49,0.31,12.360000000000001
2026-04-01 04:00:00,19.6,60,14.6,0.72,14.7,0.4,15.82
2026-04-01 05:00:00,19.1,63,11.1,0.76,15.57,0.42,16.750000000000004
2026-04-01 06:00:00,18.8,60,10.7,1.33,27.18,0.74,29.249999999999996
2026-04-01 07:00:00,18.1,63,5.9,1.68,34.33,0.93,36.94
2026-04-01 08:00:00,19.4,59,9.3,1.72,35.09,0.95,37.760000000000005
2026-04-01 09:00:00,20.8,63,14.3,1.71,35.04,0.95,37.7
2026-04-01 10:00:00,23.0,57,15.1,2.05,41.98,1.14,45.169999999999995
2026-04-01 11:00:00,23.5,51,20.1,1.98,40.46,1.1,43.54
2026-04-01 12:00:00,23.3,54,15.8,1.86,38.01,1.03,40.9
2026-04-01 13:00:00,25.4,52,15.3,2.1,42.88,1.17,46.150000000000006
2026-04-01 14:00:00,25.2,47,19.7,1.9,38.84,1.06,41.800000000000004
2026-04-01 15:00:00,25.7,45,17.4,1.68,34.3,0.93,36.91
2026-04-01 16:00:00,24.3,51,22.0,1.78,36.48,0.99,39.25
2026-04-01 17:00:00,22.6,58,16.9,1.52,31.15,0.85,33.52
2026-04-01 18:00:00,21.8,61,20.7,1.27,26.04,0.71,28.02
2026-04-01 19:00:00,19.6,66,20.6,1.29,26.46,0.72,28.47
2026-04-01 20:00:00,17.6,63,22.4,1.07,21.81,0.59,23.47
2026-04-01 21:00:00,15.4,67,16.8,0.53,10.77,0.29,11.589999999999998
2026-04-01 22:00:00,14.4,72,16.9,0.54,11.12,0.3,11.96
2026-04-01 23:00:00,13.6,76,14.4,0.47,9.66,0.26,10.39
2026-04-02 00:00:00,12.5,80,17.1,0.5,10.34,0.28,11.12
2026-04-02 01:00:00,11.3,89,18.1,0.48,9.89,0.27,10.64
2026-04-02 02:00:00,10.6,87,16.9,0.48,9.84,0.27,10.59
2026-04-02 03:00:00,9.5,81,19.5,0.6,12.49,0.34,13.43
2026-04-02 04:00:00,9.1,82,17.9,0.63,13.12,0.35,14.1
2026-04-02 05:00:00,8.5,88,17.7,0.81,16.86,0.46,18.13
2026-04-02 06:00:00,7.7,89,18.6,1.43,29.57,0.8,31.8
2026-04-02 07:00:00,7.1,88,16.8,1.48,30.6,0.83,32.91
2026-04-02 08:00:00,6.8,89,15.4,1.84,38.02,1.03,40.89000000000001
2026-04-02 09:00:00,6.6,90,16.2,1.84,38.15,1.03,41.02
2026-04-02 10:00:00,6.2,88,16.4,1.8,37.37,1.01,40.17999999999999
2026-04-02 11:00:00,6.2,90,18.4,2.12,43.86,1.19,47.169999999999995
2026-04-02 12:00:00,6.4,89,17.4,2.0,41.42,1.12,44.54
2026-04-02 13:00:00,6.2,87,15.8,1.84,38.12,1.03,40.99
2026-04-02 14:00:00,6.8,86,17.1,2.03,42.14,1.14,45.31
2026-04-02 15:00:00,6.2,89,13.9,1.81,37.4,1.01,40.22
2026-04-02 16:00:00,6.6,87,12.5,1.56,32.39,0.88,34.830000000000005
2026-04-02 17:00:00,6.6,90,12.2,1.63,33.82,0.91,36.36
2026-04-02 18:00:00,6.4,85,11.8,1.37,28.41,0.77,30.55
2026-04-02 19:00:00,6.4,86,10.5,1.13,23.46,0.63,25.22
2026-04-02 20:00:00,6.1,86,11.7,1.14,23.69,0.64,25.470000000000002
2026-04-02 21:00:00,5.9,89,12.1,0.57,11.76,0.32,12.65
2026-04-02 22:00:00,5.4,92,10.2,0.48,9.84,0.27,10.59
2026-04-02 23:00:00,5.1,92,11.3,0.51,10.5,0.28,11.29
2026-04-03 00:00:00,5.0,94,10.6,0.44,9.16,0.25,9.85
2026-04-03 01:00:00,4.8,95,9.7,0.51,10.73,0.29,11.53
2026-04-03 02:00:00,4.9,95,10.2,0.51,10.74,0.29,11.54
2026-04-03 03:00:00,4.7,97,8.5,0.53,11.04,0.3,11.87
2026-04-03 04:00:00,4.8,96,7.4,0.68,14.25,0.38,15.31
2026-04-03 05:00:00,5.0,96,7.7,0.72,15.03,0.4,16.15
2026-04-03 06:00:00,5.4,95,6.4,1.53,31.99,0.86,34.379999999999995
2026-04-03 07:00:00,5.2,97,4.8,1.59,33.25,0.9,35.74
2026-04-03 08:00:00,5.7,97,3.1,1.61,33.85,0.91,36.37
2026-04-03 09:00:00,6.3,96,3.3,1.97,41.3,1.11,44.379999999999995
2026-04-03 10:00:00,6.6,99,3.9,1.94,40.64,1.09,43.67
2026-04-03 11:00:00,7.9,99,3.4,1.86,39.01,1.05,41.919999999999995
2026-04-03 12:00:00,9.7,93,11.4,2.14,44.86,1.21,48.21
2026-04-03 13:00:00,10.9,88,11.8,1.98,41.5,1.12,44.599999999999994
2026-04-03 14:00:00,13.0,83,14.0,1.79,37.42,1.01,40.22
2026-04-03 15:00:00,15.4,79,16.1,1.93,40.54,1.09,43.56
2026-04-03 16:00:00,16.5,74,17.4,1.68,35.28,0.95,37.910000000000004
2026-04-03 17:00:00,17.8,71,14.9,1.43,29.99,0.81,32.23
2026-04-03 18:00:00,18.8,69,13.3,1.47,30.81,0.83,33.11
2026-04-03 19:00:00,17.7,74,8.7,1.22,25.57,0.69,27.48
2026-04-03 20:00:00,15.8,83,7.3,1.0,20.98,0.56,22.54
2026-04-03 21:00:00,15.8,76,7.9,0.61,12.76,0.34,13.709999999999999
2026-04-03 22:00:00,15.2,84,7.3,0.51,10.74,0.29,11.54
2026-04-03 23:00:00,15.2,81,5.2,0.44,9.29,0.25,9.979999999999999
2026-04-04 00:00:00,14.8,84,5.7,0.47,9.97,0.27,10.71
2026-04-04 01:00:00,15.2,86,11.4,0.45,9.5,0.25,10.2
2026-04-04 02:00:00,15.3,88,8.4,0.55,11.65,0.31,12.510000000000002
2026-04-04 03:00:00,15.4,87,5.3,0.57,12.04,0.32,12.93
2026-04-04 04:00:00,15.2,87,8.0,0.59,12.59,0.34,13.52
2026-04-04 05:00:00,14.7,88,5.7,0.77,16.31,0.44,17.52
2026-04-04 06:00:00,14.3,86,2.6,1.34,28.49,0.76,30.59
2026-04-04 07:00:00,14.3,88,4.5,1.7,35.94,0.96,38.6
2026-04-04 08:00:00,16.3,88,5.1,1.73,36.76,0.99,39.48
2026-04-04 09:00:00,18.7,74,13.5,1.73,36.74,0.99,39.46
2026-04-04 10:00:00,19.2,70,16.9,2.07,43.95,1.18,47.2
2026-04-04 11:00:00,21.1,60,13.4,2.0,42.39,1.14,45.53
2026-04-04 12:00:00,21.2,59,12.8,1.88,39.86,1.07,42.81
2026-04-04 13:00:00,21.3,58,12.8,2.12,44.9,1.2,48.22
2026-04-04 14:00:00,22.9,51,11.9,1.92,40.7,1.09,43.71000000000001
2026-04-04 15:00:00,20.0,57,23.7,1.7,35.97,0.96,38.63
2026-04-04 16:00:00,16.6,59,24.8,1.8,38.2,1.02,41.02
2026-04-04 17:00:00,13.5,68,21.9,1.54,32.64,0.88,35.06
2026-04-04 18:00:00,11.0,68,22.4,1.29,27.31,0.73,29.33
2026-04-04 19:00:00,9.6,67,23.8,1.31,27.71,0.74,29.759999999999998
2026-04-04 20:00:00,8.4,74,22.0,1.08,22.85,0.61,24.54
2026-04-04 21:00:00,7.7,75,21.1,0.53,11.29,0.3,12.12
2026-04-04 22:00:00,7.1,81,21.7,0.55,11.65,0.31,12.510000000000002
2026-04-04 23:00:00,6.0,91,17.3,0.48,10.12,0.27,10.87
2026-04-05 00:00:00,5.5,94,15.5,0.5,10.8,0.29,11.59
2026-04-05 01:00:00,5.5,93,15.1,0.48,10.33,0.28,11.09
2026-04-05 02:00:00,5.7,96,13.0,0.48,10.3,0.28,11.06
2026-04-05 03:00:00,6.1,95,13.6,0.61,13.04,0.35,13.999999999999998
2026-04-05 04:00:00,6.5,95,12.3,0.64,13.71,0.37,14.72
2026-04-05 05:00:00,6.5,99,10.2,0.67,14.4,0.39,15.46
2026-04-05 06:00:00,7.0,99,8.4,1.44,30.89,0.83,33.16
2026-04-05 07:00:00,7.2,96,5.2,1.49,31.98,0.86,34.33
2026-04-05 08:00:00,7.1,97,9.2,1.85,39.69,1.06,42.6
2026-04-05 09:00:00,7.5,100,7.3,1.86,39.86,1.07,42.79
2026-04-05 10:00:00,9.4,100,1.9,1.82,39.06,1.05,41.93
2026-04-05 11:00:00,10.2,100,3.2,2.14,45.79,1.23,49.16
2026-04-05 12:00:00,11.4,95,14.4,2.02,43.27,1.16,46.45
2026-04-05 13:00:00,11.8,97,1.8,1.86,39.86,1.07,42.79
2026-04-05 14:00:00,13.6,95,12.1,2.05,43.99,1.18,47.22
2026-04-05 15:00:00,13.4,93,16.1,1.82,39.07,1.05,41.94
2026-04-05 16:00:00,13.2,93,14.9,1.58,33.86,0.91,36.349999999999994
2026-04-05 17:00:00,13.0,94,16.3,1.65,35.31,0.95,37.910000000000004
2026-04-05 18:00:00,13.6,83,15.0,1.39,29.69,0.79,31.87
2026-04-05 19:00:00,13.1,76,16.9,1.15,24.53,0.66,26.34
2026-04-05 20:00:00,10.7,81,16.5,1.15,24.74,0.66,26.549999999999997
2026-04-05 21:00:00,10.2,71,16.7,0.57,12.29,0.33,13.19
2026-04-05 22:00:00,9.5,66,11.5,0.48,10.3,0.28,11.06
2026-04-05 23:00:00,9.5,68,10.5,0.51,10.97,0.29,11.77
2026-04-06 00:00:00,8.8,61,18.0,0.44,9.55,0.26,10.25
2026-04-06 01:00:00,7.5,61,9.7,0.52,11.17,0.3,11.99
2026-04-06 02:00:00,8.7,49,17.7,0.52,11.19,0.3,12.01
2026-04-06 03:00:00,7.3,51,24.5,0.53,11.52,0.31,12.36
2026-04-06 04:00:00,6.4,50,27.8,0.69,14.84,0.4,15.93
2026-04-06 05:00:00,4.8,49,26.9,0.72,15.66,0.42,16.8
2026-04-06 06:00:00,4.2,49,21.9,1.26,27.24,0.73,29.23
2026-04-06 07:00:00,3.9,55,13.8,1.6,34.63,0.93,37.160000000000004
2026-04-06 08:00:00,5.4,53,14.4,1.63,35.28,0.94,37.85
2026-04-06 09:00:00,6.2,53,21.6,1.99,42.99,1.15,46.13
2026-04-06 10:00:00,7.2,49,21.7,1.96,42.33,1.13,45.42
2026-04-06 11:00:00,8.8,45,21.5,1.88,40.66,1.09,43.63
2026-04-06 12:00:00,10.3,40,22.1,2.16,46.7,1.25,50.11
2026-04-06 13:00:00,11.4,35,23.8,2.0,43.23,1.16,46.38999999999999
2026-04-06 14:00:00,12.0,34,24.8,1.8,39.01,1.04,41.849999999999994
2026-04-06 15:00:00,12.9,31,23.7,1.95,42.2,1.13,45.28000000000001
2026-04-06 16:00:00,13.4,27,20.1,1.7,36.75,0.98,39.43
2026-04-06 17:00:00,13.2,28,15.7,1.45,31.27,0.84,33.56
2026-04-06 18:00:00,13.0,25,14.1,1.48,32.08,0.86,34.419999999999995
2026-04-06 19:00:00,12.0,28,13.7,1.23,26.64,0.71,28.580000000000002
2026-04-06 20:00:00,10.9,34,10.2,1.01,21.88,0.59,23.48
2026-04-06 21:00:00,10.3,37,4.3,0.61,13.29,0.36,14.259999999999998
2026-04-06 22:00:00,8.7,44,5.7,0.52,11.19,0.3,12.01
2026-04-06 23:00:00,8.1,40,6.9,0.45,9.68,0.26,10.389999999999999
2026-04-07 00:00:00,7.1,52,5.2,0.48,10.36,0.28,11.12
2026-04-07 01:00:00,6.9,61,3.2,0.45,9.87,0.26,10.579999999999998
2026-04-07 02:00:00,7.9,55,11.3,0.55,12.09,0.32,12.96
2026-04-07 03:00:00,8.0,50,0.4,0.57,12.51,0.33,13.41
2026-04-07 04:00:00,7.2,53,3.3,0.6,13.09,0.35,14.04
2026-04-07 05:00:00,7.7,61,3.1,0.78,16.93,0.45,18.16
2026-04-07 06:00:00,7.7,64,8.2,1.36,29.61,0.79,31.759999999999998
2026-04-07 07:00:00,7.8,56,18.9,1.4,30.52,0.82,32.739999999999995
2026-04-07 08:00:00,8.3,55,19.5,1.75,38.17,1.02,40.940000000000005
2026-04-07 09:00:00,9.7,52,20.5,1.75,38.18,1.02,40.95
2026-04-07 10:00:00,11.1,45,24.8,2.09,45.62,1.22,48.92999999999999
2026-04-07 11:00:00,11.9,36,25.0,2.02,44.02,1.18,47.220000000000006
2026-04-07 12:00:00,11.7,41,27.5,1.9,41.42,1.11,44.43
2026-04-07 13:00:00,12.7,33,27.6,2.14,46.61,1.25,50.0
2026-04-07 14:00:00,13.2,27,27.9,1.94,42.27,1.13,45.34
2026-04-07 15:00:00,12.6,23,31.9,1.71,37.39,1.0,40.1
2026-04-07 16:00:00,10.7,23,33.7,1.82,39.66,1.06,42.54
2026-04-07 17:00:00,9.4,24,30.1,1.56,33.91,0.91,36.379999999999995
2026-04-07 18:00:00,8.6,24,27.5,1.3,28.39,0.76,30.450000000000003
2026-04-07 19:00:00,6.8,24,27.0,1.32,28.76,0.77,30.85
2026-04-07 20:00:00,5.5,30,24.8,1.09,23.74,0.64,25.47
2026-04-07 21:00:00,3.6,35,21.1,0.54,11.74,0.31,12.590000000000002
2026-04-07 22:00:00,2.6,37,22.7,0.55,12.09,0.32,12.96
2026-04-07 23:00:00,1.4,41,22.3,0.48,10.52,0.28,11.28
2026-04-08 00:00:00,0.6,43,18.1,0.51,11.17,0.3,11.98
2026-04-08 01:00:00,-0.0,45,13.1,0.49,10.7,0.29,11.479999999999999
2026-04-08 02:00:00,-0.5,46,10.0,0.49,10.67,0.29,11.45
2026-04-08 03:00:00,-1.1,53,11.3,0.61,13.5,0.36,14.469999999999999
2026-04-08 04:00:00,-1.2,59,12.7,0.65,14.21,0.38,15.240000000000002
2026-04-08 05:00:00,-1.1,59,13.4,0.68,14.93,0.4,16.009999999999998
2026-04-08 06:00:00,-1.3,56,15.2,1.46,31.98,0.86,34.3
2026-04-08 07:00:00,-1.4,57,13.7,1.51,33.13,0.89,35.53
2026-04-08 08:00:00,-0.2,55,17.2,1.53,33.6,0.9,36.03
2026-04-08 09:00:00,1.4,48,16.7,1.88,41.27,1.11,44.260000000000005
2026-04-08 10:00:00,3.0,45,16.6,1.84,40.47,1.09,43.400000000000006
2026-04-08 11:00:00,4.7,43,11.8,2.16,47.39,1.27,50.82
2026-04-08 12:00:00,6.4,38,9.2,2.04,44.8,1.2,48.04
2026-04-08 13:00:00,7.8,28,10.3,1.88,41.3,1.11,44.29
2026-04-08 14:00:00,9.1,17,7.4,2.07,45.53,1.22,48.82
2026-04-08 15:00:00,9.7,25,6.8,1.84,40.47,1.09,43.400000000000006
2026-04-08 16:00:00,8.8,37,13.6,1.6,35.1,0.94,37.64
2026-04-08 17:00:00,7.6,41,14.6,1.66,36.55,0.98,39.18999999999999
2026-04-08 18:00:00,6.4,44,15.5,1.4,30.75,0.83,32.98
2026-04-08 19:00:00,5.1,49,14.5,1.16,25.42,0.68,27.26
2026-04-08 20:00:00,4.1,55,13.3,1.17,25.61,0.69,27.470000000000002
2026-04-08 21:00:00,3.1,65,10.4,0.58,12.73,0.34,13.65
2026-04-08 22:00:00,2.8,69,7.4,0.49,10.67,0.29,11.45
2026-04-08 23:00:00,2.4,72,6.9,0.52,11.35,0.3,12.17
2026-04-09 00:00:00,2.0,74,6.0,0.45,9.87,0.27,10.589999999999998
2026-04-09 01:00:00,1.3,78,5.0,0.52,11.53,0.31,12.36
2026-04-09 02:00:00,1.3,77,6.6,0.52,11.56,0.31,12.39
2026-04-09 03:00:00,0.8,82,1.6,0.54,11.91,0.32,12.77
2026-04-09 04:00:00,0.0,83,3.2,0.69,15.32,0.41,16.42
2026-04-09 05:00:00,-0.1,84,4.8,0.73,16.18,0.44,17.35
2026-04-09 06:00:00,-0.3,84,1.3,1.27,28.16,0.76,30.19
2026-04-09 07:00:00,-0.3,89,2.3,1.62,35.75,0.96,38.33
2026-04-09 08:00:00,3.0,89,6.0,1.65,36.45,0.98,39.08
2026-04-09 09:00:00,5.0,80,7.8,1.64,36.29,0.98,38.91
2026-04-09 10:00:00,6.4,69,9.4,1.98,43.7,1.18,46.86
2026-04-09 11:00:00,7.5,66,11.7,1.9,42.01,1.13,45.04
2026-04-09 12:00:00,8.8,63,14.4,2.18,48.19,1.3,51.669999999999995
2026-04-09 13:00:00,9.3,60,14.7,2.02,44.63,1.2,47.85000000000001
2026-04-09 14:00:00,9.5,59,18.3,1.82,40.31,1.09,43.220000000000006
2026-04-09 15:00:00,9.7,62,16.3,1.97,43.55,1.17,46.69
2026-04-09 16:00:00,9.4,60,17.6,1.72,37.95,1.02,40.690000000000005
2026-04-09 17:00:00,8.9,60,17.6,1.46,32.32,0.87,34.65
2026-04-09 18:00:00,8.1,66,17.3,1.5,33.11,0.89,35.5
2026-04-09 19:00:00,6.9,72,16.5,1.24,27.51,0.74,29.49
2026-04-09 20:00:00,5.8,78,12.0,1.02,22.61,0.61,24.24
2026-04-09 21:00:00,5.6,80,10.5,0.62,13.72,0.37,14.709999999999999
2026-04-09 22:00:00,5.8,81,9.6,0.52,11.56,0.31,12.39
2026-04-09 23:00:00,6.2,83,8.3,0.45,10.01,0.27,10.729999999999999
2026-04-10 00:00:00,6.3,81,7.3,0.48,10.67,0.29,11.44
2026-04-10 01:00:00,5.9,82,6.6,0.46,10.17,0.28,10.91
2026-04-10 02:00:00,5.9,83,8.1,0.56,12.44,0.34,13.34
2026-04-10 03:00:00,5.8,85,6.2,0.58,12.88,0.35,13.81
2026-04-10 04:00:00,5.7,87,9.2,0.61,13.49,0.37,14.469999999999999
2026-04-10 05:00:00,5.2,88,6.3,0.78,17.43,0.47,18.68
2026-04-10 06:00:00,4.5,88,5.6,1.37,30.49,0.83,32.69
2026-04-10 07:00:00,4.7,90,3.3,1.42,31.45,0.85,33.72
2026-04-10 08:00:00,6.0,85,7.9,1.77,39.29,1.06,42.120000000000005
2026-04-10 09:00:00,6.5,84,6.6,1.77,39.33,1.06,42.160000000000004
2026-04-10 10:00:00,8.4,74,7.0,1.73,38.4,1.04,41.169999999999995
2026-04-10 11:00:00,10.5,74,11.8,2.04,45.31,1.23,48.58
2026-04-10 12:00:00,12.3,64,11.4,1.92,42.67,1.16,45.75
2026-04-10 13:00:00,13.8,61,13.0,2.16,47.95,1.3,51.41
2026-04-10 14:00:00,15.5,55,14.7,1.96,43.52,1.18,46.660000000000004
2026-04-10 15:00:00,15.4,54,17.2,1.73,38.52,1.04,41.29
2026-04-10 16:00:00,13.9,63,17.7,1.84,40.8,1.1,43.74
2026-04-10 17:00:00,12.6,65,20.6,1.57,34.91,0.95,37.43
2026-04-10 18:00:00,10.5,68,19.4,1.32,29.25,0.79,31.36
2026-04-10 19:00:00,10.2,72,17.4,1.33,29.6,0.8,31.73
2026-04-10 20:00:00,9.5,78,15.3,1.1,24.45,0.66,26.21
2026-04-10 21:00:00,9.9,75,10.2,0.54,12.1,0.33,12.97
2026-04-10 22:00:00,10.0,74,5.2,0.56,12.44,0.34,13.34
2026-04-10 23:00:00,11.0,64,7.0,0.49,10.83,0.29,11.61
2026-04-11 00:00:00,11.3,65,3.1,0.51,11.47,0.31,12.290000000000001
2026-04-11 01:00:00,11.7,66,7.9,0.49,10.99,0.3,11.780000000000001
2026-04-11 02:00:00,12.4,57,7.2,0.49,10.97,0.3,11.760000000000002
2026-04-11 03:00:00,11.8,63,8.6,0.62,13.85,0.38,14.85
2026-04-11 04:00:00,11.3,64,5.6,0.65,14.59,0.4,15.64
2026-04-11 05:00:00,11.9,61,8.7,0.69,15.34,0.42,16.450000000000003
2026-04-11 06:00:00,11.7,70,10.6,1.47,32.81,0.89,35.17
2026-04-11 07:00:00,11.4,63,20.2,1.52,34.02,0.93,36.470000000000006
2026-04-11 08:00:00,11.8,59,23.4,1.55,34.53,0.94,37.019999999999996
2026-04-11 09:00:00,12.1,52,24.7,1.9,42.35,1.15,45.4
2026-04-11 10:00:00,13.3,44,25.5,1.86,41.57,1.13,44.56
2026-04-11 11:00:00,14.0,40,23.8,1.78,39.77,1.08,42.63
2026-04-11 12:00:00,15.3,38,24.3,2.06,45.99,1.25,49.300000000000004
2026-04-11 13:00:00,16.3,34,23.4,1.9,42.42,1.16,45.48
2026-04-11 14:00:00,16.9,34,25.3,2.09,46.71,1.27,50.07
2026-04-11 15:00:00,17.7,28,24.0,1.86,41.54,1.13,44.53
2026-04-11 16:00:00,17.8,27,23.5,1.61,36.05,0.98,38.63999999999999
2026-04-11 17:00:00,17.4,26,24.5,1.68,37.5,1.02,40.2
2026-04-11 18:00:00,17.2,24,21.8,1.41,31.56,0.86,33.83
2026-04-11 19:00:00,16.2,25,18.9,1.17,26.12,0.71,28.0
2026-04-11 20:00:00,14.6,26,15.8,1.18,26.27,0.72,28.169999999999998
2026-04-11 21:00:00,13.7,27,15.1,0.59,13.07,0.36,14.02
2026-04-11 22:00:00,12.6,29,15.5,0.49,10.97,0.3,11.760000000000002
2026-04-11 23:00:00,11.4,32,10.8,0.52,11.65,0.32,12.49
2026-04-12 00:00:00,10.6,36,13.3,0.45,10.11,0.28,10.839999999999998
2026-04-12 01:00:00,9.2,43,13.2,0.53,11.8,0.32,12.65
2026-04-12 02:00:00,8.1,44,11.8,0.53,11.83,0.33,12.69
2026-04-12 03:00:00,6.9,48,5.2,0.54,12.2,0.34,13.079999999999998
2026-04-12 04:00:00,6.0,50,5.1,0.7,15.67,0.43,16.8
2026-04-12 05:00:00,5.1,53,5.1,0.74,16.56,0.45,17.749999999999996
2026-04-12 06:00:00,4.3,58,4.0,1.29,28.85,0.79,30.93
2026-04-12 07:00:00,4.4,59,3.8,1.63,36.58,1.0,39.21
2026-04-12 08:00:00,7.1,50,8.9,1.67,37.32,1.03,40.02
2026-04-12 09:00:00,9.3,43,11.8,1.66,37.19,1.02,39.87
2026-04-12 10:00:00,10.9,43,9.0,2.0,44.72,1.23,47.949999999999996
2026-04-12 11:00:00,11.5,44,17.3,1.92,43.01,1.18,46.11
2026-04-12 12:00:00,11.7,43,20.4,1.8,40.32,1.11,43.23
2026-04-12 13:00:00,12.1,46,19.5,2.04,45.67,1.25,48.96
2026-04-12 14:00:00,12.4,44,21.6,1.84,41.28,1.13,44.25000000000001
2026-04-12 15:00:00,12.1,41,21.0,1.99,44.54,1.22,47.75
2026-04-12 16:00:00,11.6,42,21.9,1.73,38.84,1.07,41.64
2026-04-12 17:00:00,11.0,51,20.4,1.48,33.1,0.91,35.489999999999995
2026-04-12 18:00:00,9.5,62,19.9,1.51,33.87,0.93,36.309999999999995
2026-04-12 19:00:00,8.6,73,17.3,1.26,28.16,0.77,30.19
2026-04-12 20:00:00,8.0,76,16.6,1.03,23.16,0.64,24.830000000000002
2026-04-12 21:00:00,8.2,79,13.0,0.63,14.03,0.39,15.05
2026-04-12 22:00:00,8.6,77,12.1,0.53,11.83,0.33,12.69
2026-04-12 23:00:00,8.3,77,8.9,0.46,10.26,0.28,11.0
2026-04-13 00:00:00,7.9,81,7.6,0.48,10.89,0.3,11.670000000000002
2026-04-13 01:00:00,8.5,78,4.6,0.46,10.39,0.29,11.14
2026-04-13 02:00:00,9.6,74,6.6,0.57,12.69,0.35,13.61
2026-04-13 03:00:00,9.3,80,6.0,0.59,13.15,0.36,14.1
2026-04-13 04:00:00,9.8,81,5.6,0.61,13.78,0.38,14.77
2026-04-13 05:00:00,9.1,82,3.9,0.79,17.78,0.49,19.06
2026-04-13 06:00:00,9.4,89,4.3,1.39,31.12,0.86,33.37
2026-04-13 07:00:00,10.3,89,1.8,1.43,32.13,0.89,34.45
2026-04-13 08:00:00,11.1,85,2.4,1.78,40.08,1.11,42.97
2026-04-13 09:00:00,12.1,82,5.8,1.79,40.15,1.11,43.05
2026-04-13 10:00:00,13.2,84,11.5,1.75,39.23,1.09,42.07
2026-04-13 11:00:00,16.2,80,14.0,2.06,46.23,1.28,49.57
2026-04-13 12:00:00,20.1,72,13.2,1.94,43.56,1.21,46.71
2026-04-13 13:00:00,23.1,59,17.4,1.78,40.01,1.11,42.9
2026-04-13 14:00:00,22.4,64,16.1,1.98,44.4,1.23,47.60999999999999
2026-04-13 15:00:00,23.0,58,20.4,1.75,39.33,1.09,42.17
2026-04-13 16:00:00,25.9,49,26.2,1.85,41.61,1.15,44.61
2026-04-13 17:00:00,26.3,44,28.9,1.59,35.62,0.99,38.2
2026-04-13 18:00:00,27.0,41,25.2,1.33,29.87,0.83,32.03
2026-04-13 19:00:00,26.2,40,23.2,1.34,30.19,0.84,32.370000000000005
2026-04-13 20:00:00,24.0,44,20.4,1.11,24.95,0.69,26.75
2026-04-13 21:00:00,23.2,45,19.4,0.55,12.36,0.34,13.25
2026-04-13 22:00:00,23.2,44,16.7,0.57,12.69,0.35,13.61
2026-04-13 23:00:00,22.3,45,12.8,0.49,11.05,0.31,11.850000000000001
2026-04-14 00:00:00,22.1,47,10.6,0.52,11.66,0.33,12.51
2026-04-14 01:00:00,20.5,56,8.5,0.5,11.18,0.31,11.99
2026-04-14 02:00:00,19.8,58,6.9,0.5,11.17,0.31,11.98
2026-04-14 03:00:00,18.4,68,6.4,0.63,14.09,0.4,15.120000000000001
2026-04-14 04:00:00,18.4,65,4.7,0.66,14.84,0.42,15.92
2026-04-14 05:00:00,17.3,70,4.2,0.69,15.62,0.44,16.75
2026-04-14 06:00:00,16.6,75,5.3,1.48,33.37,0.94,35.78999999999999
2026-04-14 07:00:00,16.7,78,4.6,1.54,34.63,0.97,37.14
2026-04-14 08:00:00,19.3,76,6.1,1.56,35.17,0.99,37.720000000000006
2026-04-14 09:00:00,22.4,65,4.8,1.92,43.08,1.21,46.21
2026-04-14 10:00:00,24.2,60,9.9,1.88,42.31,1.19,45.38
2026-04-14 11:00:00,26.7,53,12.8,1.8,40.51,1.14,43.449999999999996
2026-04-14 12:00:00,27.5,49,14.8,2.08,46.78,1.31,50.17
2026-04-14 13:00:00,29.3,42,18.6,1.92,43.18,1.21,46.31
2026-04-14 14:00:00,29.7,39,20.9,1.73,38.85,1.09,41.67
2026-04-14 15:00:00,29.2,41,19.5,1.88,42.26,1.19,45.33
2026-04-14 16:00:00,28.3,52,27.3,1.63,36.7,1.03,39.36000000000001
2026-04-14 17:00:00,29.0,40,13.4,1.7,38.12,1.07,40.89
2026-04-14 18:00:00,30.0,36,23.8,1.43,32.11,0.9,34.44
2026-04-14 19:00:00,29.5,34,22.0,1.18,26.59,0.75,28.52
2026-04-14 20:00:00,27.3,39,14.3,1.19,26.72,0.75,28.66
2026-04-14 21:00:00,26.0,41,13.8,0.59,13.3,0.37,14.26
2026-04-14 22:00:00,26.1,37,20.2,0.5,11.17,0.31,11.98
2026-04-14 23:00:00,24.5,53,12.3,0.53,11.85,0.33,12.709999999999999
2026-04-15 00:00:00,23.1,59,10.9,0.46,10.26,0.29,11.01
2026-04-15 01:00:00,22.4,64,7.1,0.53,11.96,0.34,12.83
2026-04-15 02:00:00,22.4,64,6.4,0.53,12.0,0.34,12.87
2026-04-15 03:00:00,21.2,69,4.3,0.55,12.38,0.35,13.280000000000001
2026-04-15 04:00:00,20.6,69,6.2,0.71,15.89,0.45,17.05
2026-04-15 05:00:00,19.8,75,3.2,0.75,16.8,0.48,18.03
2026-04-15 06:00:00,19.1,78,4.5,1.3,29.29,0.83,31.419999999999998
2026-04-15 07:00:00,19.0,79,3.3,1.65,37.09,1.05,39.79
2026-04-15 08:00:00,20.8,76,9.2,1.68,37.87,1.08,40.629999999999995
2026-04-15 09:00:00,22.7,69,8.6,1.68,37.76,1.07,40.51
2026-04-15 10:00:00,25.1,59,11.0,2.02,45.35,1.29,48.660000000000004
2026-04-15 11:00:00,26.7,54,14.6,1.94,43.65,1.24,46.83
2026-04-15 12:00:00,27.7,53,20.2,1.82,40.95,1.16,43.93
2026-04-15 13:00:00,28.7,51,20.5,2.06,46.32,1.32,49.7
2026-04-15 14:00:00,30.3,45,16.5,1.86,41.9,1.19,44.949999999999996
2026-04-15 15:00:00,31.8,40,18.7,1.64,36.94,1.05,39.629999999999995
2026-04-15 16:00:00,32.3,38,19.6,1.75,39.4,1.12,42.269999999999996
2026-04-15 17:00:00,31.1,41,15.0,1.49,33.59,0.95,36.03000000000001
2026-04-15 18:00:00,30.4,41,16.9,1.53,34.33,0.98,36.839999999999996
2026-04-15 19:00:00,30.8,40,15.7,1.27,28.57,0.81,30.65
2026-04-15 20:00:00,29.3,40,16.6,1.05,23.51,0.67,25.230000000000004
2026-04-15 21:00:00,28.3,42,11.1,0.63,14.23,0.4,15.260000000000002
2026-04-15 22:00:00,27.2,44,13.9,0.53,12.0,0.34,12.87
2026-04-15 23:00:00,26.0,47,17.0,0.46,10.41,0.3,11.170000000000002
2026-04-16 00:00:00,25.8,47,17.2,0.49,11.01,0.32,11.82
2026-04-16 01:00:00,24.4,53,7.9,0.47,10.52,0.3,11.290000000000001
2026-04-16 02:00:00,25.0,52,8.9,0.57,12.83,0.37,13.77
2026-04-16 03:00:00,24.2,51,5.4,0.59,13.3,0.38,14.270000000000001
2026-04-16 04:00:00,23.4,51,6.1,0.62,13.95,0.4,14.969999999999999
2026-04-16 05:00:00,22.2,61,3.5,0.8,17.97,0.52,19.29
2026-04-16 06:00:00,21.1,65,2.9,1.4,31.48,0.91,33.79
2026-04-16 07:00:00,21.1,65,1.6,1.45,32.53,0.94,34.92
2026-04-16 08:00:00,22.4,75,7.0,1.8,40.52,1.17,43.49
2026-04-16 09:00:00,23.2,70,8.7,1.81,40.62,1.17,43.6
2026-04-16 10:00:00,25.2,61,9.2,1.77,39.72,1.14,42.63
2026-04-16 11:00:00,27.2,53,12.3,2.08,46.74,1.35,50.17
2026-04-16 12:00:00,29.6,42,16.9,1.96,44.08,1.27,47.31
2026-04-16 13:00:00,30.2,44,17.8,1.8,40.51,1.17,43.48
2026-04-16 14:00:00,31.8,38,20.0,2.0,44.9,1.29,48.19
2026-04-16 15:00:00,31.1,37,21.1,1.77,39.79,1.15,42.71
2026-04-16 16:00:00,29.6,41,21.0,1.53,34.41,0.99,36.93
2026-04-16 17:00:00,28.2,44,20.2,1.6,36.03,1.04,38.67
2026-04-16 18:00:00,28.0,41,21.2,1.34,30.23,0.87,32.44
2026-04-16 19:00:00,27.5,40,19.5,1.36,30.51,0.88,32.75
2026-04-16 20:00:00,25.8,40,12.7,1.12,25.23,0.73,27.080000000000002
2026-04-16 21:00:00,24.7,44,14.0,0.56,12.51,0.36,13.43
2026-04-16 22:00:00,24.5,44,11.9,0.57,12.83,0.37,13.77
2026-04-16 23:00:00,23.2,50,8.0,0.5,11.18,0.32,12.0
2026-04-17 00:00:00,22.4,55,10.3,0.52,11.75,0.34,12.61
2026-04-17 01:00:00,22.4,59,27.6,0.5,11.28,0.33,12.11
2026-04-17 02:00:00,21.6,67,13.0,0.5,11.27,0.33,12.1
2026-04-17 03:00:00,20.3,72,7.7,0.63,14.2,0.42,15.25
2026-04-17 04:00:00,20.5,63,3.7,0.67,14.97,0.44,16.080000000000002
2026-04-17 05:00:00,20.5,65,9.2,0.7,15.76,0.46,16.92
2026-04-17 06:00:00,19.9,77,7.4,1.5,33.64,0.98,36.12
2026-04-17 07:00:00,20.2,75,4.0,1.56,34.93,1.02,37.510000000000005
2026-04-17 08:00:00,20.4,73,11.7,1.58,35.5,1.04,38.12
2026-04-17 09:00:00,21.5,69,12.7,1.93,43.42,1.27,46.620000000000005
2026-04-17 10:00:00,23.1,62,7.0,1.9,42.68,1.25,45.83
2026-04-17 11:00:00,24.8,52,8.1,1.82,40.9,1.2,43.92
2026-04-17 12:00:00,25.4,52,5.6,2.1,47.16,1.38,50.64
2026-04-17 13:00:00,25.8,47,8.6,1.94,43.56,1.28,46.78
2026-04-17 14:00:00,25.9,54,14.8,1.75,39.23,1.15,42.129999999999995
2026-04-17 15:00:00,20.8,68,12.2,1.9,42.6,1.25,45.75
2026-04-17 16:00:00,22.2,76,5.1,1.65,37.03,1.08,39.76
2026-04-17 17:00:00,21.5,79,12.0,1.4,31.43,0.92,33.75
2026-04-17 18:00:00,22.5,67,7.4,1.44,32.38,0.95,34.77
2026-04-17 19:00:00,22.7,65,6.5,1.19,26.83,0.79,28.81
2026-04-17 20:00:00,21.5,58,10.4,1.2,26.92,0.79,28.91
2026-04-17 21:00:00,18.4,78,14.9,0.6,13.41,0.39,14.4
2026-04-17 22:00:00,15.6,87,13.0,0.5,11.27,0.33,12.1
2026-04-17 23:00:00,14.7,88,9.5,0.53,11.94,0.35,12.819999999999999
2026-04-18 00:00:00,13.7,89,5.8,0.46,10.32,0.31,11.090000000000002
2026-04-18 01:00:00,13.5,95,4.3,0.54,12.02,0.36,12.919999999999998
2026-04-18 02:00:00,13.0,98,5.3,0.54,12.07,0.36,12.969999999999999
2026-04-18 03:00:00,12.5,99,3.3,0.56,12.46,0.37,13.39
2026-04-18 04:00:00,12.4,97,0.8,0.71,15.97,0.48,17.16
2026-04-18 05:00:00,12.7,96,4.7,0.75,16.9,0.5,18.15
2026-04-18 06:00:00,12.4,94,1.6,1.32,29.48,0.88,31.68
2026-04-18 07:00:00,12.1,95,6.7,1.66,37.28,1.11,40.05
2026-04-18 08:00:00,12.5,91,9.7,1.7,38.08,1.13,40.910000000000004
2026-04-18 09:00:00,14.9,78,8.4,1.7,38.0,1.13,40.830000000000005
2026-04-18 10:00:00,16.1,77,8.8,2.03,45.58,1.36,48.97
2026-04-18 11:00:00,16.9,79,5.8,1.96,43.9,1.31,47.17
2026-04-18 12:00:00,16.0,71,7.1,1.84,41.22,1.23,44.29
2026-04-18 13:00:00,16.7,71,11.8,2.08,46.56,1.39,50.03
2026-04-18 14:00:00,17.1,71,13.3,1.88,42.14,1.26,45.28
2026-04-18 15:00:00,17.6,67,15.1,1.66,37.19,1.11,39.959999999999994
2026-04-18 16:00:00,16.2,69,15.6,1.77,39.6,1.18,42.550000000000004
2026-04-18 17:00:00,15.6,75,15.3,1.51,33.79,1.01,36.309999999999995
2026-04-18 18:00:00,14.0,80,15.9,1.26,28.22,0.84,30.32
2026-04-18 19:00:00,11.5,89,15.8,1.28,28.72,0.86,30.86
2026-04-18 20:00:00,10.9,84,17.8,1.06,23.65,0.7,25.409999999999997
2026-04-18 21:00:00,10.2,93,16.6,0.64,14.29,0.43,15.36
2026-04-18 22:00:00,10.1,91,14.9,0.54,12.07,0.36,12.969999999999999
2026-04-18 23:00:00,9.3,92,12.6,0.47,10.48,0.31,11.260000000000002
2026-04-19 00:00:00,8.9,94,12.5,0.49,11.04,0.34,11.87
2026-04-19 01:00:00,8.8,94,10.0,0.47,10.55,0.32,11.340000000000002
2026-04-19 02:00:00,8.6,98,4.6,0.58,12.85,0.39,13.82
2026-04-19 03:00:00,8.4,99,1.8,0.6,13.33,0.4,14.33
2026-04-19 04:00:00,8.8,95,11.5,0.63,14.0,0.42,15.05
2026-04-19 05:00:00,8.8,94,11.4,0.81,18.01,0.55,19.37
2026-04-19 06:00:00,8.7,96,8.9,1.41,31.56,0.96,33.93
2026-04-19 07:00:00,9.0,99,2.9,1.46,32.64,0.99,35.09
2026-04-19 08:00:00,9.4,98,6.4,1.82,40.61,1.23,43.66
2026-04-19 09:00:00,9.7,96,9.4,1.82,40.72,1.24,43.78
2026-04-19 10:00:00,10.5,92,16.4,1.79,39.85,1.21,42.85
2026-04-19 11:00:00,11.3,70,24.2,2.1,46.84,1.42,50.36000000000001
2026-04-19 12:00:00,9.9,74,17.4,1.98,44.2,1.34,47.52
2026-04-19 13:00:00,9.1,72,26.1,1.82,40.65,1.23,43.699999999999996
2026-04-19 14:00:00,7.7,78,25.7,2.02,44.99,1.37,48.38
2026-04-19 15:00:00,6.0,87,16.0,1.79,39.91,1.21,42.91
2026-04-19 16:00:00,5.8,88,13.3,1.55,34.53,1.05,37.129999999999995
2026-04-19 17:00:00,7.9,75,17.4,1.62,36.11,1.1,38.83
2026-04-19 18:00:00,8.9,61,14.6,1.36,30.31,0.92,32.589999999999996
2026-04-19 19:00:00,8.4,58,9.7,1.12,25.01,0.76,26.890000000000004
2026-04-19 20:00:00,8.4,58,11.4,1.13,25.29,0.77,27.189999999999998
2026-04-19 21:00:00,6.9,59,14.2,0.56,12.55,0.38,13.490000000000002
2026-04-19 22:00:00,6.2,66,7.7,0.58,12.85,0.39,13.82
2026-04-19 23:00:00,4.9,72,9.6,0.5,11.21,0.34,12.05
2026-04-20 00:00:00,4.2,73,6.6,0.43,9.6,0.3,10.33
2026-04-20 01:00:00,3.3,74,2.5,0.51,11.27,0.35,12.129999999999999
2026-04-20 02:00:00,3.1,73,4.7,0.51,11.27,0.35,12.129999999999999
2026-04-20 03:00:00,2.7,76,6.8,0.64,14.18,0.44,15.26
2026-04-20 04:00:00,2.3,80,4.0,0.67,14.96,0.46,16.09
2026-04-20 05:00:00,1.8,83,3.1,0.71,15.77,0.49,16.97
2026-04-20 06:00:00,1.8,83,3.6,1.51,33.6,1.04,36.15
2026-04-20 07:00:00,2.7,89,4.9,1.57,34.91,1.08,37.559999999999995
2026-04-20 08:00:00,5.9,76,5.4,1.6,35.51,1.1,38.21
2026-04-20 09:00:00,7.7,64,11.6,1.95,43.38,1.34,46.67000000000001
2026-04-20 10:00:00,8.5,57,13.7,1.92,42.66,1.32,45.9
2026-04-20 11:00:00,8.7,58,12.3,1.84,40.91,1.27,44.02
2026-04-20 12:00:00,10.4,43,15.0,2.12,47.12,1.46,50.699999999999996
2026-04-20 13:00:00,9.8,41,20.4,1.96,43.55,1.35,46.86
2026-04-20 14:00:00,10.6,40,20.8,1.77,39.25,1.22,42.24
2026-04-20 15:00:00,10.6,34,17.4,1.92,42.57,1.32,45.81
2026-04-20 16:00:00,10.4,31,25.0,1.67,37.03,1.15,39.85
2026-04-20 17:00:00,10.4,27,23.1,1.42,31.45,0.97,33.839999999999996
2026-04-20 18:00:00,9.6,27,24.0,1.46,32.36,1.0,34.82
2026-04-20 19:00:00,8.0,27,24.0,1.21,26.83,0.83,28.869999999999997
2026-04-20 20:00:00,6.9,29,22.0,0.99,22.0,0.68,23.669999999999998
2026-04-20 21:00:00,5.5,37,18.4,0.6,13.4,0.42,14.42
2026-04-20 22:00:00,4.6,43,14.5,0.51,11.27,0.35,12.129999999999999
2026-04-20 23:00:00,4.1,42,14.3,0.54,11.92,0.37,12.83
2026-04-21 00:00:00,3.2,44,11.6,0.47,10.29,0.33,11.09
2026-04-21 01:00:00,2.4,51,9.4,0.44,9.79,0.31,10.54
2026-04-21 02:00:00,2.0,48,10.4,0.54,12.03,0.38,12.950000000000001
2026-04-21 03:00:00,1.1,50,7.9,0.56,12.42,0.39,13.370000000000001
2026-04-21 04:00:00,0.3,51,4.8,0.72,15.9,0.5,17.12
2026-04-21 05:00:00,-0.3,52,7.4,0.76,16.84,0.53,18.130000000000003
2026-04-21 06:00:00,-0.5,52,4.9,1.33,29.4,0.93,31.659999999999997
2026-04-21 07:00:00,0.3,51,3.6,1.68,37.13,1.18,39.99
2026-04-21 08:00:00,3.2,45,9.4,1.72,37.95,1.2,40.870000000000005
2026-04-21 09:00:00,5.2,36,8.7,1.71,37.9,1.2,40.81
2026-04-21 10:00:00,7.4,33,1.3,2.05,45.4,1.44,48.88999999999999
2026-04-21 11:00:00,8.0,32,7.4,1.98,43.76,1.39,47.129999999999995
2026-04-21 12:00:00,8.9,29,7.5,1.86,41.11,1.3,44.269999999999996
2026-04-21 13:00:00,9.9,26,8.2,2.1,46.38,1.47,49.95
2026-04-21 14:00:00,10.7,22,9.2,1.9,42.01,1.33,45.239999999999995
2026-04-21 15:00:00,11.3,22,9.1,1.68,37.1,1.18,39.96
2026-04-21 16:00:00,11.7,22,9.3,1.78,39.46,1.25,42.49
2026-04-21 17:00:00,10.1,31,19.0,1.52,33.69,1.07,36.28
2026-04-21 18:00:00,8.7,38,19.8,1.27,28.16,0.89,30.32
2026-04-21 19:00:00,7.3,47,20.1,1.29,28.61,0.91,30.81
2026-04-21 20:00:00,6.9,49,17.6,1.07,23.58,0.75,25.4
2026-04-21 21:00:00,6.8,55,15.8,0.53,11.65,0.37,12.549999999999999
2026-04-21 22:00:00,6.9,56,13.4,0.54,12.03,0.38,12.950000000000001
2026-04-21 23:00:00,7.6,57,12.3,0.47,10.45,0.33,11.25
2026-04-22 00:00:00,7.5,63,8.3,0.5,10.96,0.36,11.82
2026-04-22 01:00:00,7.7,66,9.6,0.48,10.49,0.34,11.31
2026-04-22 02:00:00,7.3,65,9.2,0.48,10.44,0.34,11.26
2026-04-22 03:00:00,7.4,68,9.1,0.6,13.24,0.43,14.27
2026-04-22 04:00:00,7.1,67,11.3,0.63,13.92,0.45,15.0
2026-04-22 05:00:00,7.1,71,11.7,0.81,17.88,0.58,19.269999999999996
2026-04-22 06:00:00,7.4,83,10.4,1.43,31.36,1.02,33.81
2026-04-22 07:00:00,7.9,82,10.8,1.48,32.45,1.05,34.98
2026-04-22 08:00:00,8.1,78,15.0,1.84,40.32,1.31,43.470000000000006
2026-04-22 09:00:00,9.0,80,18.4,1.84,40.47,1.31,43.620000000000005
2026-04-22 10:00:00,8.0,79,15.4,1.8,39.63,1.29,42.72
2026-04-22 11:00:00,8.0,81,14.3,2.12,46.52,1.51,50.15
2026-04-22 12:00:00,9.2,78,18.7,2.0,43.93,1.43,47.36
2026-04-22 13:00:00,10.2,77,16.3,1.84,40.43,1.31,43.580000000000005
2026-04-22 14:00:00,11.5,75,17.3,2.03,44.69,1.45,48.17
2026-04-22 15:00:00,10.8,82,13.5,1.81,39.67,1.29,42.77
2026-04-22 16:00:00,11.3,81,11.1,1.56,34.35,1.11,37.02
2026-04-22 17:00:00,11.6,76,8.0,1.63,35.87,1.16,38.66
2026-04-22 18:00:00,11.5,77,5.8,1.37,30.13,0.98,32.48
2026-04-22 19:00:00,11.3,75,6.3,1.13,24.88,0.81,26.819999999999997
2026-04-22 20:00:00,11.1,74,7.1,1.14,25.13,0.82,27.09
2026-04-22 21:00:00,9.3,79,6.6,0.57,12.47,0.4,13.440000000000001
2026-04-22 22:00:00,8.6,84,9.4,0.48,10.44,0.34,11.26
2026-04-22 23:00:00,8.4,80,8.3,0.51,11.14,0.36,12.01
2026-04-23 00:00:00,8.2,84,8.3,0.44,9.52,0.32,10.28
2026-04-23 01:00:00,7.8,85,5.6,0.51,11.16,0.37,12.04
2026-04-23 02:00:00,7.4,82,4.7,0.51,11.17,0.37,12.049999999999999
2026-04-23 03:00:00,7.0,85,3.0,0.53,11.49,0.38,12.4
2026-04-23 04:00:00,6.4,91,4.2,0.68,14.82,0.49,15.99
2026-04-23 05:00:00,6.2,91,5.4,0.72,15.63,0.52,16.87
2026-04-23 06:00:00,5.6,92,2.2,1.53,33.27,1.11,35.910000000000004
2026-04-23 07:00:00,7.1,96,2.6,1.59,34.59,1.15,37.330000000000005
2026-04-23 08:00:00,9.5,90,5.1,1.61,35.21,1.17,37.99
2026-04-23 09:00:00,12.1,80,4.0,1.97,42.95,1.43,46.35
2026-04-23 10:00:00,15.3,69,3.5,1.94,42.27,1.41,45.62
2026-04-23 11:00:00,18.2,54,6.4,1.86,40.57,1.35,43.78
2026-04-23 12:00:00,20.7,41,11.0,2.14,46.65,1.55,50.339999999999996
2026-04-23 13:00:00,22.5,35,18.3,1.98,43.16,1.44,46.57999999999999
2026-04-23 14:00:00,23.1,29,21.7,1.79,38.92,1.3,42.01
2026-04-23 15:00:00,23.4,25,24.7,1.93,42.16,1.4,45.489999999999995
2026-04-23 16:00:00,24.1,22,23.8,1.68,36.69,1.22,39.589999999999996
2026-04-23 17:00:00,23.7,23,23.5,1.43,31.19,1.04,33.660000000000004
2026-04-23 18:00:00,22.7,23,19.4,1.47,32.05,1.07,34.589999999999996
2026-04-23 19:00:00,22.3,21,17.1,1.22,26.59,0.89,28.7
2026-04-23 20:00:00,21.2,21,10.0,1.0,21.82,0.73,23.55
2026-04-23 21:00:00,20.3,23,13.5,0.61,13.27,0.44,14.319999999999999
2026-04-23 22:00:00,19.6,23,13.0,0.51,11.17,0.37,12.049999999999999
2026-04-23 23:00:00,19.0,21,14.1,0.44,9.66,0.32,10.42
2026-04-24 00:00:00,17.4,30,2.8,0.47,10.17,0.35,10.99
2026-04-24 01:00:00,16.8,29,0.8,0.45,9.68,0.33,10.459999999999999
2026-04-24 02:00:00,16.1,32,0.7,0.55,11.88,0.41,12.840000000000002
2026-04-24 03:00:00,15.1,31,3.4,0.57,12.28,0.42,13.27
2026-04-24 04:00:00,14.6,35,5.1,0.59,12.84,0.44,13.87
2026-04-24 05:00:00,13.8,39,0.8,0.77,16.63,0.57,17.97
2026-04-24 06:00:00,13.5,40,4.0,1.34,29.06,0.99,31.389999999999997
2026-04-24 07:00:00,12.2,62,7.5,1.7,36.65,1.25,39.6
2026-04-24 08:00:00,11.7,76,10.0,1.73,37.49,1.28,40.5
2026-04-24 09:00:00,12.8,69,15.6,1.73,37.47,1.28,40.48
2026-04-24 10:00:00,13.8,54,17.5,2.07,44.82,1.53,48.42
2026-04-24 11:00:00,15.4,45,12.0,2.0,43.23,1.48,46.709999999999994
2026-04-24 12:00:00,17.3,38,13.0,1.88,40.65,1.39,43.92
2026-04-24 13:00:00,18.7,30,13.0,2.12,45.79,1.57,49.48
2026-04-24 14:00:00,19.0,26,11.0,1.92,41.5,1.42,44.84
2026-04-24 15:00:00,17.8,46,14.5,1.7,36.68,1.25,39.63
2026-04-24 16:00:00,17.3,45,16.3,1.8,38.96,1.33,42.089999999999996
2026-04-24 17:00:00,14.8,52,20.1,1.54,33.29,1.14,35.97
2026-04-24 18:00:00,14.4,52,17.6,1.29,27.85,0.95,30.09
2026-04-24 19:00:00,11.9,61,16.8,1.31,28.26,0.97,30.54
2026-04-24 20:00:00,11.0,62,15.7,1.08,23.31,0.8,25.19
2026-04-24 21:00:00,10.4,65,12.5,0.53,11.52,0.39,12.44
2026-04-24 22:00:00,9.8,68,8.9,0.55,11.88,0.41,12.840000000000002
2026-04-24 23:00:00,10.0,74,11.5,0.48,10.32,0.35,11.15
2026-04-25 00:00:00,9.3,77,6.8,0.5,10.8,0.38,11.680000000000001
2026-04-25 01:00:00,8.6,87,9.7,0.48,10.33,0.36,11.17
2026-04-25 02:00:00,8.9,82,13.0,0.48,10.3,0.36,11.14
2026-04-25 03:00:00,7.9,83,11.8,0.61,13.04,0.46,14.11
2026-04-25 04:00:00,7.9,83,13.0,0.64,13.71,0.48,14.830000000000002
2026-04-25 05:00:00,7.7,80,10.4,0.67,14.4,0.51,15.58
2026-04-25 06:00:00,7.2,77,12.2,1.44,30.89,1.09,33.42
2026-04-25 07:00:00,7.8,67,13.3,1.49,31.98,1.13,34.6
2026-04-25 08:00:00,8.9,60,17.7,1.85,39.69,1.4,42.94
2026-04-25 09:00:00,9.6,55,18.6,1.86,39.86,1.4,43.12
2026-04-25 10:00:00,8.6,66,16.8,1.82,39.06,1.37,42.25
2026-04-25 11:00:00,7.3,79,15.0,2.14,45.79,1.61,49.54
2026-04-25 12:00:00,7.6,86,14.6,2.02,43.27,1.52,46.81000000000001
2026-04-25 13:00:00,7.0,88,14.0,1.86,39.86,1.4,43.12
2026-04-25 14:00:00,7.6,86,14.4,2.05,43.99,1.55,47.589999999999996
2026-04-25 15:00:00,6.5,90,12.7,1.82,39.07,1.37,42.26
2026-04-25 16:00:00,6.1,89,12.4,1.58,33.86,1.19,36.629999999999995
2026-04-25 17:00:00,5.8,92,15.1,1.65,35.31,1.24,38.2
2026-04-25 18:00:00,5.6,93,14.1,1.39,29.69,1.04,32.120000000000005
2026-04-25 19:00:00,5.3,94,14.2,1.15,24.53,0.86,26.54
2026-04-25 20:00:00,5.3,93,13.0,1.15,24.74,0.87,26.759999999999998
2026-04-25 21:00:00,5.2,95,11.7,0.57,12.29,0.43,13.29
2026-04-25 22:00:00,5.0,95,12.1,0.48,10.3,0.36,11.14
2026-04-25 23:00:00,5.2,95,11.4,0.51,10.97,0.39,11.870000000000001
2026-04-26 00:00:00,5.2,95,9.7,0.44,9.36,0.34,10.139999999999999
2026-04-26 01:00:00,5.1,96,9.7,0.52,10.96,0.4,11.88
2026-04-26 02:00:00,5.4,95,12.7,0.52,10.97,0.4,11.89
2026-04-26 03:00:00,5.3,95,12.4,0.53,11.29,0.41,12.229999999999999
2026-04-26 04:00:00,5.5,96,13.6,0.69,14.55,0.53,15.77
2026-04-26 05:00:00,5.7,94,11.2,0.72,15.36,0.56,16.639999999999997
2026-04-26 06:00:00,5.7,93,11.2,1.26,26.71,0.97,28.94
2026-04-26 07:00:00,5.6,93,10.9,1.6,33.96,1.23,36.79
2026-04-26 08:00:00,5.9,89,13.9,1.63,34.6,1.25,37.480000000000004
2026-04-26 09:00:00,5.9,91,14.8,1.99,42.15,1.53,45.67
2026-04-26 10:00:00,6.5,88,15.6,1.96,41.51,1.51,44.98
2026-04-26 11:00:00,7.9,75,18.3,1.88,39.87,1.45,43.2
2026-04-26 12:00:00,9.5,70,18.1,2.16,45.79,1.66,49.61
2026-04-26 13:00:00,11.7,63,17.7,2.0,42.39,1.54,45.93
2026-04-26 14:00:00,12.5,62,15.8,1.8,38.25,1.39,41.44
2026-04-26 15:00:00,13.4,56,15.1,1.95,41.38,1.5,44.830000000000005
2026-04-26 16:00:00,13.9,54,16.3,1.7,36.04,1.31,39.050000000000004
2026-04-26 17:00:00,14.6,48,13.0,1.45,30.66,1.11,33.22
2026-04-26 18:00:00,14.7,46,9.1,1.48,31.46,1.14,34.08
2026-04-26 19:00:00,13.0,55,6.7,1.23,26.12,0.95,28.3
2026-04-26 20:00:00,9.9,76,6.8,1.01,21.45,0.78,23.240000000000002
2026-04-26 21:00:00,8.7,79,8.9,0.61,13.03,0.47,14.11
2026-04-26 22:00:00,7.7,83,3.0,0.52,10.97,0.4,11.89
2026-04-26 23:00:00,7.3,78,3.3,0.45,9.5,0.34,10.29
2026-04-27 00:00:00,6.7,85,6.5,0.48,9.96,0.37,10.81
2026-04-27 01:00:00,6.5,88,8.3,0.45,9.49,0.36,10.299999999999999
2026-04-27 02:00:00,6.2,85,4.9,0.55,11.63,0.44,12.620000000000001
2026-04-27 03:00:00,5.8,86,4.2,0.57,12.03,0.45,13.049999999999999
2026-04-27 04:00:00,5.5,85,4.4,0.6,12.59,0.47,13.66
2026-04-27 05:00:00,5.2,88,4.5,0.78,16.28,0.61,17.67
2026-04-27 06:00:00,5.1,88,3.1,1.36,28.47,1.07,30.9
2026-04-27 07:00:00,6.4,90,3.1,1.4,29.34,1.1,31.84
2026-04-27 08:00:00,9.9,79,6.9,1.75,36.71,1.37,39.83
2026-04-27 09:00:00,12.5,68,6.8,1.75,36.71,1.37,39.83
2026-04-27 10:00:00,14.5,61,5.2,2.09,43.86,1.64,47.59
2026-04-27 11:00:00,16.2,46,9.8,2.02,42.33,1.58,45.93
2026-04-27 12:00:00,18.1,39,13.5,1.9,39.83,1.49,43.22
2026-04-27 13:00:00,19.0,37,8.4,2.14,44.82,1.68,48.64
2026-04-27 14:00:00,20.1,33,7.4,1.94,40.64,1.52,44.1
2026-04-27 15:00:00,20.4,36,14.3,1.71,35.95,1.35,39.010000000000005
2026-04-27 16:00:00,19.1,34,16.8,1.82,38.13,1.43,41.38
2026-04-27 17:00:00,17.8,39,15.6,1.56,32.6,1.22,35.38
2026-04-27 18:00:00,16.3,41,16.9,1.3,27.29,1.02,29.61
2026-04-27 19:00:00,14.6,41,12.2,1.32,27.66,1.04,30.02
2026-04-27 20:00:00,12.6,47,11.3,1.09,22.83,0.85,24.77
2026-04-27 21:00:00,11.4,52,6.9,0.54,11.29,0.42,12.249999999999998
2026-04-27 22:00:00,10.3,63,4.2,0.55,11.63,0.44,12.620000000000001
2026-04-27 23:00:00,9.6,71,1.8,0.48,10.11,0.38,10.97
2026-04-28 00:00:00,9.4,59,3.4,0.51,10.54,0.41,11.459999999999999
2026-04-28 01:00:00,8.9,61,3.1,0.49,10.09,0.39,10.97
2026-04-28 02:00:00,8.4,72,8.2,0.49,10.06,0.39,10.940000000000001
2026-04-28 03:00:00,7.9,70,5.4,0.61,12.73,0.49,13.83
2026-04-28 04:00:00,7.9,65,7.2,0.65,13.39,0.52,14.56
2026-04-28 05:00:00,7.6,69,1.8,0.68,14.07,0.54,15.29
2026-04-28 06:00:00,6.8,72,5.5,1.46,30.15,1.17,32.78
2026-04-28 07:00:00,8.1,75,0.7,1.51,31.24,1.21,33.96
2026-04-28 08:00:00,11.2,70,0.5,1.53,31.68,1.23,34.44
2026-04-28 09:00:00,13.6,52,3.3,1.88,38.91,1.51,42.3
2026-04-28 10:00:00,15.9,45,7.4,1.84,38.16,1.48,41.48
2026-04-28 11:00:00,17.4,36,13.0,2.16,44.68,1.73,48.57
2026-04-28 12:00:00,18.0,37,13.7,2.04,42.24,1.63,45.910000000000004
2026-04-28 13:00:00,18.4,38,13.0,1.88,38.94,1.51,42.33
2026-04-28 14:00:00,17.8,37,13.6,2.07,42.93,1.66,46.66
2026-04-28 15:00:00,17.9,42,12.6,1.84,38.15,1.48,41.47
2026-04-28 16:00:00,16.4,40,14.1,1.6,33.09,1.28,35.970000000000006
2026-04-28 17:00:00,16.3,39,12.2,1.66,34.46,1.33,37.449999999999996
2026-04-28 18:00:00,15.1,41,10.7,1.4,28.99,1.12,31.509999999999998
2026-04-28 19:00:00,14.5,41,11.2,1.16,23.97,0.93,26.06
2026-04-28 20:00:00,13.5,44,8.4,1.17,24.15,0.93,26.25
2026-04-28 21:00:00,12.3,53,8.4,0.58,12.0,0.46,13.040000000000001
2026-04-28 22:00:00,13.0,50,10.0,0.49,10.06,0.39,10.940000000000001
2026-04-28 23:00:00,11.8,51,10.7,0.52,10.7,0.41,11.629999999999999
2026-04-29 00:00:00,11.7,61,7.4,0.45,9.12,0.37,9.939999999999998
2026-04-29 01:00:00,11.2,54,7.7,0.52,10.66,0.43,11.61
2026-04-29 02:00:00,11.4,51,5.7,0.52,10.69,0.43,11.639999999999999
2026-04-29 03:00:00,11.3,61,6.7,0.54,11.01,0.44,11.99
2026-04-29 04:00:00,10.4,68,5.0,0.69,14.16,0.57,15.42
2026-04-29 05:00:00,9.8,70,4.2,0.73,14.96,0.6,16.290000000000003
2026-04-29 06:00:00,10.2,65,2.7,1.27,26.04,1.04,28.349999999999998
2026-04-29 07:00:00,10.7,71,3.7,1.62,33.06,1.32,36.0
2026-04-29 08:00:00,12.1,67,7.6,1.65,33.7,1.35,36.7
2026-04-29 09:00:00,13.6,56,5.2,1.64,33.55,1.34,36.53
2026-04-29 10:00:00,15.6,49,7.9,1.98,40.41,1.62,44.00999999999999
2026-04-29 11:00:00,16.1,50,12.3,1.9,38.84,1.56,42.300000000000004
2026-04-29 12:00:00,16.3,51,15.1,2.18,44.55,1.79,48.519999999999996
2026-04-29 13:00:00,16.1,56,18.6,2.02,41.26,1.65,44.93
2026-04-29 14:00:00,15.7,59,18.1,1.82,37.27,1.49,40.580000000000005
2026-04-29 15:00:00,15.2,63,20.5,1.97,40.26,1.61,43.839999999999996
2026-04-29 16:00:00,13.7,73,20.1,1.72,35.09,1.41,38.22
2026-04-29 17:00:00,12.4,76,19.2,1.46,29.88,1.2,32.54
2026-04-29 18:00:00,11.3,80,13.2,1.5,30.61,1.23,33.339999999999996
2026-04-29 19:00:00,10.4,82,13.0,1.24,25.44,1.02,27.7
2026-04-29 20:00:00,10.0,84,12.3,1.02,20.91,0.84,22.77
2026-04-29 21:00:00,9.7,88,9.4,0.62,12.68,0.51,13.809999999999999
2026-04-29 22:00:00,9.5,93,7.9,0.52,10.69,0.43,11.639999999999999
2026-04-29 23:00:00,9.0,95,8.9,0.45,9.26,0.37,10.079999999999998
2026-04-30 00:00:00,9.2,94,5.2,0.48,9.67,0.4,10.55
2026-04-30 01:00:00,8.8,94,9.8,0.46,9.22,0.38,10.060000000000002
2026-04-30 02:00:00,8.6,96,6.6,0.56,11.28,0.47,12.31
2026-04-30 03:00:00,8.3,97,2.8,0.58,11.68,0.49,12.75
2026-04-30 04:00:00,8.5,98,3.0,0.61,12.24,0.51,13.36
2026-04-30 05:00:00,8.7,98,3.8,0.78,15.8,0.66,17.240000000000002
2026-04-30 06:00:00,9.1,95,4.0,1.37,27.65,1.15,30.169999999999998
2026-04-30 07:00:00,9.2,95,5.5,1.42,28.52,1.19,31.13
2026-04-30 08:00:00,9.3,96,6.0,1.77,35.63,1.48,38.88
2026-04-30 09:00:00,9.4,99,2.4,1.77,35.66,1.48,38.91
2026-04-30 10:00:00,10.3,92,7.0,1.73,34.81,1.45,37.99
2026-04-30 11:00:00,10.6,91,4.6,2.04,41.08,1.71,44.83
2026-04-30 12:00:00,11.0,90,4.8,1.92,38.69,1.61,42.22
2026-04-30 13:00:00,12.4,83,3.6,2.16,43.48,1.81,47.45
2026-04-30 14:00:00,12.6,88,4.0,1.96,39.45,1.64,43.050000000000004
2026-04-30 15:00:00,14.3,81,4.9,1.73,34.92,1.45,38.1
2026-04-30 16:00:00,14.4,75,7.7,1.84,37.0,1.54,40.38
2026-04-30 17:00:00,14.8,71,7.8,1.57,31.65,1.32,34.54
2026-04-30 18:00:00,15.1,61,12.5,1.32,26.52,1.1,28.94
2026-04-30 19:00:00,14.3,59,11.0,1.33,26.84,1.12,29.290000000000003
2026-04-30 20:00:00,14.0,55,4.3,1.1,22.16,0.92,24.180000000000003
2026-04-30 21:00:00,12.2,58,11.0,0.54,10.97,0.46,11.970000000000002
2026-04-30 22:00:00,11.1,67,5.5,0.56,11.28,0.47,12.31
2026-04-30 23:00:00,11.1,67,8.3,0.49,9.82,0.41,10.72
2026-05-01 00:00:00,10.7,64,10.0,5.3,9.24,0.4,14.94
2026-05-01 01:00:00,9.9,73,6.8,5.04,8.79,0.38,14.209999999999999
2026-05-01 02:00:00,9.2,62,13.1,6.19,10.8,0.47,17.46
2026-05-01 03:00:00,7.8,68,7.8,6.39,11.16,0.48,18.03
2026-05-01 04:00:00,7.3,69,7.7,8.18,14.28,0.62,23.080000000000002
2026-05-01 05:00:00,6.7,68,9.2,8.67,15.12,0.65,24.439999999999998
2026-05-01 06:00:00,6.3,69,10.7,15.13,26.4,1.14,42.67
2026-05-01 07:00:00,7.0,73,10.1,19.11,33.34,1.44,53.89
2026-05-01 08:00:00,9.1,64,12.8,19.53,34.08,1.47,55.08
2026-05-01 09:00:00,10.8,54,14.5,19.51,34.04,1.47,55.019999999999996
2026-05-01 10:00:00,12.6,43,12.7,23.36,40.77,1.76,65.89
2026-05-01 11:00:00,14.1,39,12.0,22.52,39.29,1.7,63.510000000000005
2026-05-01 12:00:00,15.4,37,11.6,21.16,36.92,1.59,59.67
2026-05-01 13:00:00,16.7,36,11.3,23.87,41.65,1.8,67.32
2026-05-01 14:00:00,17.4,36,10.6,21.62,37.72,1.63,60.970000000000006
2026-05-01 15:00:00,18.4,31,11.2,19.09,33.31,1.44,53.84
2026-05-01 16:00:00,17.8,41,18.6,20.31,35.43,1.53,57.269999999999996
2026-05-01 17:00:00,16.0,48,21.5,17.34,30.25,1.31,48.900000000000006
2026-05-01 18:00:00,14.7,55,17.1,14.49,25.29,1.09,40.870000000000005
2026-05-01 19:00:00,13.9,56,16.6,14.73,25.69,1.11,41.53
2026-05-01 20:00:00,12.4,64,15.6,12.14,21.18,0.91,34.23
2026-05-01 21:00:00,11.6,72,8.0,5.99,10.46,0.45,16.900000000000002
2026-05-01 22:00:00,11.3,75,11.4,6.19,10.8,0.47,17.46
2026-05-01 23:00:00,11.1,76,8.8,5.38,9.38,0.4,15.160000000000002
2026-05-02 00:00:00,10.8,67,13.9,5.82,9.75,0.44,16.01
2026-05-02 01:00:00,10.2,66,10.7,5.57,9.33,0.42,15.32
2026-05-02 02:00:00,10.8,69,8.7,5.54,9.29,0.42,15.249999999999998
2026-05-02 03:00:00,10.6,73,3.7,7.03,11.78,0.53,19.34
2026-05-02 04:00:00,10.3,77,11.1,7.39,12.38,0.56,20.33
2026-05-02 05:00:00,10.4,84,8.7,9.49,15.9,0.71,26.1
2026-05-02 06:00:00,9.7,87,5.4,16.65,27.89,1.25,45.79
2026-05-02 07:00:00,10.2,87,1.8,17.23,28.86,1.3,47.39
2026-05-02 08:00:00,10.4,88,0.7,21.41,35.86,1.61,58.879999999999995
2026-05-02 09:00:00,11.2,83,5.2,21.49,35.99,1.62,59.1
2026-05-02 10:00:00,11.9,77,7.4,21.04,35.25,1.58,57.87
2026-05-02 11:00:00,11.7,73,11.3,24.7,41.37,1.86,67.92999999999999
2026-05-02 12:00:00,13.0,64,10.6,23.32,39.07,1.75,64.14
2026-05-02 13:00:00,13.9,58,11.2,21.47,35.96,1.61,59.04
2026-05-02 14:00:00,15.6,46,12.6,23.73,39.75,1.78,65.26
2026-05-02 15:00:00,16.4,39,8.7,21.06,35.28,1.58,57.92
2026-05-02 16:00:00,17.2,34,10.8,18.24,30.55,1.37,50.16
2026-05-02 17:00:00,16.5,27,9.7,19.04,31.9,1.43,52.37
2026-05-02 18:00:00,16.1,28,9.1,16.0,26.8,1.2,44.0
2026-05-02 19:00:00,15.6,26,14.6,13.21,22.13,0.99,36.330000000000005
2026-05-02 20:00:00,14.7,27,11.6,13.34,22.35,1.0,36.69
2026-05-02 21:00:00,13.6,32,12.3,6.62,11.09,0.5,18.21
2026-05-02 22:00:00,12.6,29,8.3,5.54,9.29,0.42,15.249999999999998
2026-05-02 23:00:00,11.9,32,12.5,5.91,9.9,0.44,16.25
2026-05-03 00:00:00,10.9,35,12.8,5.22,8.39,0.39,14.0
2026-05-03 01:00:00,10.1,36,15.3,6.12,9.83,0.46,16.41
2026-05-03 02:00:00,9.4,41,16.8,6.12,9.84,0.46,16.42
2026-05-03 03:00:00,8.6,45,12.3,6.3,10.12,0.47,16.889999999999997
2026-05-03 04:00:00,7.6,46,12.3,8.12,13.06,0.61,21.79
2026-05-03 05:00:00,6.6,54,10.9,8.57,13.77,0.64,22.98
2026-05-03 06:00:00,6.7,50,12.6,18.23,29.31,1.37,48.91
2026-05-03 07:00:00,6.8,55,15.8,18.95,30.47,1.43,50.85
2026-05-03 08:00:00,7.6,55,17.4,19.3,31.02,1.45,51.77
2026-05-03 09:00:00,8.8,49,20.5,23.54,37.84,1.77,63.150000000000006
2026-05-03 10:00:00,10.6,45,20.7,23.17,37.24,1.74,62.150000000000006
2026-05-03 11:00:00,11.9,34,26.5,22.23,35.74,1.67,59.64
2026-05-03 12:00:00,11.9,35,24.9,25.57,41.1,1.92,68.59
2026-05-03 13:00:00,12.6,33,27.2,23.65,38.02,1.78,63.45
2026-05-03 14:00:00,13.7,29,28.7,21.33,34.29,1.6,57.22
2026-05-03 15:00:00,14.3,27,29.2,23.1,37.14,1.74,61.980000000000004
2026-05-03 16:00:00,15.5,26,28.6,20.11,32.32,1.51,53.94
2026-05-03 17:00:00,16.0,22,26.3,17.1,27.48,1.29,45.87
2026-05-03 18:00:00,16.0,20,26.0,17.56,28.23,1.32,47.11
2026-05-03 19:00:00,16.0,22,18.5,14.57,23.43,1.1,39.1
2026-05-03 20:00:00,14.7,24,9.4,11.96,19.22,0.9,32.08
2026-05-03 21:00:00,13.0,30,6.3,7.27,11.69,0.55,19.51
2026-05-03 22:00:00,11.9,39,5.6,6.12,9.84,0.46,16.42
2026-05-03 23:00:00,11.0,41,8.7,5.29,8.51,0.4,14.200000000000001
2026-05-04 00:00:00,10.1,48,9.4,5.76,8.87,0.43,15.059999999999999
2026-05-04 01:00:00,9.6,46,14.5,5.48,8.45,0.41,14.34
2026-05-04 02:00:00,9.7,42,16.4,6.72,10.36,0.51,17.59
2026-05-04 03:00:00,9.2,45,13.0,6.95,10.71,0.52,18.18
2026-05-04 04:00:00,8.5,50,12.9,7.27,11.21,0.55,19.03
2026-05-04 05:00:00,8.3,54,10.0,9.41,14.51,0.71,24.630000000000003
2026-05-04 06:00:00,8.2,56,12.3,16.45,25.36,1.24,43.050000000000004
2026-05-04 07:00:00,9.2,58,13.0,20.74,31.98,1.56,54.28
2026-05-04 08:00:00,11.2,60,18.9,21.22,32.71,1.6,55.53
2026-05-04 09:00:00,14.0,53,19.6,21.21,32.69,1.6,55.5
2026-05-04 10:00:00,16.5,44,19.6,25.37,39.11,1.91,66.39
2026-05-04 11:00:00,18.6,39,21.4,24.46,37.72,1.84,64.02
2026-05-04 12:00:00,20.0,32,19.6,23.0,35.47,1.73,60.199999999999996
2026-05-04 13:00:00,21.3,32,22.7,25.92,39.96,1.95,67.83
2026-05-04 14:00:00,22.2,28,23.2,23.49,36.21,1.77,61.470000000000006
2026-05-04 15:00:00,22.9,26,22.2,20.76,32.01,1.56,54.33
2026-05-04 16:00:00,23.3,25,17.6,22.05,34.0,1.66,57.709999999999994
2026-05-04 17:00:00,23.2,26,19.6,18.84,29.05,1.42,49.31
2026-05-04 18:00:00,19.7,48,16.3,15.76,24.3,1.19,41.25
2026-05-04 19:00:00,19.4,46,14.5,15.99,24.66,1.2,41.85
2026-05-04 20:00:00,17.9,51,14.8,13.19,20.34,0.99,34.52
2026-05-04 21:00:00,17.9,45,14.4,6.52,10.05,0.49,17.06
2026-05-04 22:00:00,16.9,47,16.7,6.72,10.36,0.51,17.59
2026-05-04 23:00:00,16.6,46,15.2,5.84,9.01,0.44,15.29
2026-05-05 00:00:00,15.7,56,13.1,6.31,9.33,0.48,16.12
2026-05-05 01:00:00,14.7,61,9.3,6.04,8.93,0.46,15.43
2026-05-05 02:00:00,13.9,68,6.6,6.02,8.9,0.45,15.37
2026-05-05 03:00:00,13.3,71,4.5,7.63,11.27,0.57,19.47
2026-05-05 04:00:00,13.1,74,7.3,8.02,11.85,0.6,20.47
2026-05-05 05:00:00,12.9,76,6.0,8.42,12.44,0.63,21.49
2026-05-05 06:00:00,12.9,76,9.7,18.06,26.7,1.36,46.12
2026-05-05 07:00:00,14.5,79,7.3,18.7,27.64,1.41,47.75
2026-05-05 08:00:00,17.0,67,12.3,23.21,34.31,1.75,59.27
2026-05-05 09:00:00,19.3,58,13.6,23.3,34.45,1.76,59.51
2026-05-05 10:00:00,20.9,52,15.0,22.84,33.76,1.72,58.31999999999999
2026-05-05 11:00:00,23.6,45,15.6,26.78,39.58,2.02,68.38
2026-05-05 12:00:00,24.7,45,13.7,25.3,37.4,1.91,64.61
2026-05-05 13:00:00,26.2,43,16.6,23.3,34.45,1.76,59.51
2026-05-05 14:00:00,28.0,32,21.6,25.72,38.03,1.94,65.69
2026-05-05 15:00:00,28.7,34,24.5,22.85,33.78,1.72,58.35
2026-05-05 16:00:00,29.2,28,28.2,19.8,29.27,1.49,50.56
2026-05-05 17:00:00,28.1,27,29.0,20.65,30.52,1.56,52.730000000000004
2026-05-05 18:00:00,26.7,33,27.8,17.36,25.66,1.31,44.33
2026-05-05 19:00:00,23.9,37,22.7,14.34,21.2,1.08,36.62
2026-05-05 20:00:00,23.0,42,18.0,14.47,21.38,1.09,36.940000000000005
2026-05-05 21:00:00,20.9,50,24.6,7.19,10.62,0.54,18.349999999999998
2026-05-05 22:00:00,19.8,54,22.3,6.02,8.9,0.45,15.37
2026-05-05 23:00:00,19.4,53,23.0,6.41,9.48,0.48,16.37
2026-05-06 00:00:00,18.9,58,19.8,5.66,8.02,0.43,14.11
2026-05-06 01:00:00,18.1,61,15.8,6.62,9.38,0.5,16.5
2026-05-06 02:00:00,17.7,63,17.6,6.63,9.4,0.5,16.53
2026-05-06 03:00:00,17.4,69,15.1,6.83,9.67,0.52,17.02
2026-05-06 04:00:00,16.7,72,17.4,8.79,12.46,0.66,21.91
2026-05-06 05:00:00,16.2,75,15.2,9.28,13.15,0.7,23.13
2026-05-06 06:00:00,15.9,78,13.4,16.14,22.87,1.22,40.230000000000004
2026-05-06 07:00:00,16.8,77,14.4,20.52,29.08,1.55,51.14999999999999
2026-05-06 08:00:00,17.9,74,18.0,20.91,29.63,1.58,52.12
2026-05-06 09:00:00,19.6,67,18.6,25.48,36.1,1.93,63.51
2026-05-06 10:00:00,20.8,60,18.8,25.09,35.55,1.9,62.54
2026-05-06 11:00:00,21.8,58,19.6,24.09,34.14,1.82,60.050000000000004
2026-05-06 12:00:00,20.2,62,19.1,27.67,39.21,2.09,68.97
2026-05-06 13:00:00,18.1,79,17.8,25.62,36.3,1.94,63.86
2026-05-06 14:00:00,18.7,85,10.3,23.12,32.76,1.75,57.629999999999995
2026-05-06 15:00:00,16.8,83,12.5,25.01,35.44,1.89,62.34
2026-05-06 16:00:00,17.0,88,13.9,21.78,30.86,1.65,54.29
2026-05-06 17:00:00,17.5,84,12.5,18.53,26.26,1.4,46.190000000000005
2026-05-06 18:00:00,17.3,86,15.1,19.01,26.94,1.44,47.39
2026-05-06 19:00:00,17.8,81,9.7,15.79,22.37,1.19,39.349999999999994
2026-05-06 20:00:00,17.5,77,12.8,12.97,18.37,0.98,32.32
2026-05-06 21:00:00,16.6,83,6.3,7.88,11.16,0.6,19.64
2026-05-06 22:00:00,17.0,82,12.7,6.63,9.4,0.5,16.53
2026-05-06 23:00:00,16.0,79,12.5,5.74,8.13,0.43,14.3
2026-05-07 00:00:00,14.0,79,14.5,6.23,8.45,0.47,15.15
2026-05-07 01:00:00,13.4,79,9.7,5.93,8.05,0.45,14.43
2026-05-07 02:00:00,11.8,85,17.1,7.27,9.86,0.55,17.68
2026-05-07 03:00:00,11.0,89,16.1,7.52,10.2,0.57,18.29
2026-05-07 04:00:00,10.0,90,17.3,7.87,10.68,0.6,19.150000000000002
2026-05-07 05:00:00,9.8,90,13.3,10.17,13.81,0.77,24.75
2026-05-07 06:00:00,10.0,85,12.2,17.79,24.15,1.35,43.29
2026-05-07 07:00:00,10.0,88,9.1,18.34,24.89,1.39,44.620000000000005
2026-05-07 08:00:00,10.6,82,14.0,22.94,31.14,1.74,55.82
2026-05-07 09:00:00,10.8,80,12.0,22.94,31.15,1.74,55.830000000000005
2026-05-07 10:00:00,13.2,59,13.6,27.41,37.21,2.08,66.7
2026-05-07 11:00:00,14.6,42,19.7,26.45,35.91,2.01,64.37
2026-05-07 12:00:00,16.4,35,15.9,24.89,33.79,1.89,60.57
2026-05-07 13:00:00,17.6,32,14.0,28.01,38.02,2.13,68.16
2026-05-07 14:00:00,17.9,28,15.3,25.4,34.48,1.93,61.809999999999995
2026-05-07 15:00:00,18.6,29,16.7,22.46,30.5,1.71,54.67
2026-05-07 16:00:00,18.6,30,13.3,23.83,32.35,1.81,57.99
2026-05-07 17:00:00,18.3,29,14.6,20.37,27.66,1.55,49.58
2026-05-07 18:00:00,17.9,28,16.9,17.06,23.16,1.29,41.51
2026-05-07 19:00:00,17.2,25,17.5,17.28,23.46,1.31,42.050000000000004
2026-05-07 20:00:00,15.5,27,10.9,14.27,19.37,1.08,34.72
2026-05-07 21:00:00,13.7,31,3.4,7.06,9.58,0.54,17.18
2026-05-07 22:00:00,12.9,26,11.6,7.27,9.86,0.55,17.68
2026-05-07 23:00:00,10.7,57,6.5,6.32,8.58,0.48,15.38
2026-05-08 00:00:00,12.1,55,5.7,6.81,8.86,0.52,16.189999999999998
2026-05-08 01:00:00,10.2,76,4.9,6.52,8.48,0.5,15.5
2026-05-08 02:00:00,11.0,68,7.4,6.51,8.46,0.5,15.47
2026-05-08 03:00:00,9.2,65,18.3,8.23,10.7,0.63,19.56
2026-05-08 04:00:00,8.6,67,12.3,8.66,11.26,0.66,20.580000000000002
2026-05-08 05:00:00,7.8,78,4.4,9.1,11.83,0.69,21.62
2026-05-08 06:00:00,7.8,74,6.6,19.49,25.34,1.49,46.32
2026-05-08 07:00:00,9.0,76,10.0,20.2,26.26,1.54,48.0
2026-05-08 08:00:00,10.5,68,13.9,20.48,26.63,1.56,48.67
2026-05-08 09:00:00,12.5,52,12.7,25.15,32.71,1.92,59.78
2026-05-08 10:00:00,14.5,46,16.3,24.67,32.08,1.88,58.63
2026-05-08 11:00:00,15.8,37,12.8,28.88,37.56,2.2,68.64
2026-05-08 12:00:00,16.1,35,24.7,27.31,35.51,2.08,64.89999999999999
2026-05-08 13:00:00,16.8,35,26.6,25.17,32.74,1.92,59.830000000000005
2026-05-08 14:00:00,16.8,34,27.6,27.75,36.09,2.12,65.96000000000001
2026-05-08 15:00:00,16.5,33,25.0,24.67,32.07,1.88,58.620000000000005
2026-05-08 16:00:00,17.8,36,21.0,21.39,27.82,1.63,50.84
2026-05-08 17:00:00,17.0,40,20.9,22.28,28.97,1.7,52.95
2026-05-08 18:00:00,16.9,42,12.5,18.74,24.37,1.43,44.54
2026-05-08 19:00:00,16.1,44,12.4,15.5,20.15,1.18,36.83
2026-05-08 20:00:00,14.6,46,7.3,15.61,20.3,1.19,37.099999999999994
2026-05-08 21:00:00,14.4,40,6.1,7.76,10.09,0.59,18.44
2026-05-08 22:00:00,12.9,57,5.8,6.51,8.46,0.5,15.47
2026-05-08 23:00:00,13.5,58,4.5,6.92,9.0,0.53,16.45
2026-05-09 00:00:00,12.9,54,7.0,6.1,7.6,0.47,14.17
2026-05-09 01:00:00,11.8,60,5.6,7.13,8.88,0.55,16.560000000000002
2026-05-09 02:00:00,12.2,57,2.6,7.15,8.9,0.55,16.6
2026-05-09 03:00:00,13.2,58,2.8,7.36,9.17,0.57,17.1
2026-05-09 04:00:00,13.0,60,6.7,9.48,11.8,0.73,22.01
2026-05-09 05:00:00,11.8,70,3.4,10.01,12.46,0.77,23.24
2026-05-09 06:00:00,12.1,65,3.8,17.42,21.69,1.34,40.45
2026-05-09 07:00:00,12.7,71,2.2,22.12,27.53,1.7,51.35000000000001
2026-05-09 08:00:00,14.1,68,6.1,22.55,28.07,1.73,52.35
2026-05-09 09:00:00,14.2,82,12.2,22.45,27.95,1.72,52.12
2026-05-09 10:00:00,16.1,66,12.6,27.03,33.66,2.07,62.76
2026-05-09 11:00:00,17.4,62,14.0,25.98,32.35,1.99,60.32
2026-05-09 12:00:00,18.1,64,10.6,29.81,37.11,2.29,69.21000000000001
2026-05-09 13:00:00,18.6,63,5.5,27.61,34.37,2.12,64.1
2026-05-09 14:00:00,15.8,79,3.4,24.93,31.04,1.91,57.879999999999995
2026-05-09 15:00:00,16.5,82,6.5,26.94,33.54,2.07,62.550000000000004
2026-05-09 16:00:00,15.5,84,6.6,23.48,29.23,1.8,54.51
2026-05-09 17:00:00,14.3,92,9.7,19.99,24.89,1.53,46.41
2026-05-09 18:00:00,14.3,85,4.4,20.48,25.5,1.57,47.550000000000004
2026-05-09 19:00:00,13.3,90,10.0,17.02,21.19,1.31,39.52
2026-05-09 20:00:00,12.8,91,3.6,13.99,17.41,1.07,32.47
2026-05-09 21:00:00,12.1,90,2.7,8.48,10.56,0.65,19.689999999999998
2026-05-09 22:00:00,11.4,92,4.1,7.15,8.9,0.55,16.6
2026-05-09 23:00:00,10.9,92,2.2,6.19,7.71,0.48,14.38
2026-05-10 00:00:00,11.2,94,1.8,6.7,7.98,0.52,15.2
2026-05-10 01:00:00,11.1,95,1.1,6.39,7.61,0.49,14.49
2026-05-10 02:00:00,11.7,99,4.6,7.81,9.31,0.6,17.720000000000002
2026-05-10 03:00:00,11.7,97,5.5,8.09,9.64,0.63,18.36
2026-05-10 04:00:00,11.5,96,7.4,8.47,10.1,0.66,19.23
2026-05-10 05:00:00,11.6,97,4.1,10.94,13.04,0.85,24.83
2026-05-10 06:00:00,11.4,99,8.8,19.15,22.82,1.48,43.449999999999996
2026-05-10 07:00:00,11.3,100,7.9,19.75,23.54,1.53,44.82
2026-05-10 08:00:00,12.0,96,4.2,24.68,29.41,1.91,56.0
2026-05-10 09:00:00,12.2,97,2.3,24.7,29.43,1.91,56.03999999999999
2026-05-10 10:00:00,13.2,94,2.9,24.11,28.74,1.86,54.709999999999994
2026-05-10 11:00:00,14.3,90,4.7,28.46,33.91,2.2,64.57
2026-05-10 12:00:00,16.5,85,2.4,26.8,31.94,2.07,60.81
2026-05-10 13:00:00,18.8,76,6.9,30.11,35.89,2.33,68.33
2026-05-10 14:00:00,21.3,64,6.0,27.33,32.57,2.11,62.01
2026-05-10 15:00:00,22.1,59,6.9,24.19,28.83,1.87,54.88999999999999
2026-05-10 16:00:00,22.7,55,10.3,25.62,30.54,1.98,58.13999999999999
2026-05-10 17:00:00,21.9,60,11.3,21.92,26.13,1.69,49.739999999999995
2026-05-10 18:00:00,19.2,70,5.9,18.37,21.89,1.42,41.68000000000001
2026-05-10 19:00:00,17.7,82,7.8,18.59,22.15,1.44,42.17999999999999
2026-05-10 20:00:00,18.1,75,9.1,15.35,18.3,1.19,34.839999999999996
2026-05-10 21:00:00,17.7,74,6.4,7.6,9.06,0.59,17.25
2026-05-10 22:00:00,17.9,71,9.4,7.81,9.31,0.6,17.720000000000002
2026-05-10 23:00:00,17.1,75,5.4,6.8,8.11,0.53,15.44
2026-05-11 00:00:00,17.2,72,7.8,7.31,8.34,0.57,16.22
2026-05-11 01:00:00,15.2,77,14.4,7.01,7.99,0.55,15.55
2026-05-11 02:00:00,13.8,41,19.4,7.0,7.98,0.55,15.530000000000001
2026-05-11 03:00:00,13.6,39,14.4,8.84,10.08,0.69,19.610000000000003
2026-05-11 04:00:00,12.3,34,10.8,9.3,10.61,0.72,20.63
2026-05-11 05:00:00,11.8,35,9.4,9.78,11.16,0.76,21.7
2026-05-11 06:00:00,11.6,36,7.7,20.93,23.87,1.63,46.43
2026-05-11 07:00:00,12.2,33,12.9,21.7,24.75,1.69,48.14
2026-05-11 08:00:00,12.5,33,15.5,22.03,25.12,1.72,48.870000000000005
2026-05-11 09:00:00,13.4,30,16.2,27.02,30.81,2.11,59.94
2026-05-11 10:00:00,15.2,28,18.0,26.51,30.24,2.07,58.82
2026-05-11 11:00:00,15.2,28,10.8,25.37,28.93,1.98,56.279999999999994
2026-05-11 12:00:00,15.6,29,13.4,29.33,33.45,2.29,65.07000000000001
2026-05-11 13:00:00,16.2,22,10.2,27.06,30.86,2.11,60.03
2026-05-11 14:00:00,16.2,27,6.4,29.79,33.98,2.32,66.08999999999999
2026-05-11 15:00:00,16.2,29,9.0,26.5,30.22,2.06,58.78
2026-05-11 16:00:00,16.2,30,5.5,23.0,26.22,1.79,51.01
2026-05-11 17:00:00,16.3,31,3.4,23.92,27.28,1.86,53.06
2026-05-11 18:00:00,16.2,31,2.5,20.13,22.96,1.57,44.660000000000004
2026-05-11 19:00:00,15.9,33,8.8,16.66,19.0,1.3,36.959999999999994
2026-05-11 20:00:00,14.8,32,7.7,16.76,19.11,1.31,37.18000000000001
2026-05-11 21:00:00,13.7,29,6.2,8.34,9.51,0.65,18.5
2026-05-11 22:00:00,12.6,40,9.7,7.0,7.98,0.55,15.530000000000001
2026-05-11 23:00:00,12.4,36,4.4,7.43,8.47,0.58,16.48
2026-05-12 00:00:00,10.5,52,11.0,6.55,7.15,0.52,14.219999999999999
2026-05-12 01:00:00,10.7,45,12.7,7.65,8.34,0.6,16.59
2026-05-12 02:00:00,10.4,54,11.7,7.67,8.37,0.6,16.64
2026-05-12 03:00:00,9.5,58,5.9,7.91,8.62,0.62,17.150000000000002
2026-05-12 04:00:00,8.9,58,9.1,10.16,11.08,0.8,22.040000000000003
2026-05-12 05:00:00,8.0,53,8.1,10.74,11.71,0.84,23.290000000000003
2026-05-12 06:00:00,6.8,58,6.4,18.7,20.4,1.47,40.56999999999999
2026-05-12 07:00:00,7.6,57,7.6,23.71,25.87,1.86,51.44
2026-05-12 08:00:00,9.8,49,12.6,24.19,26.39,1.9,52.48
2026-05-12 09:00:00,12.0,47,14.4,24.1,26.29,1.9,52.29
2026-05-12 10:00:00,13.8,42,13.1,28.99,31.62,2.28,62.89
2026-05-12 11:00:00,15.4,34,11.7,27.88,30.41,2.19,60.48
2026-05-12 12:00:00,16.6,30,9.2,26.13,28.51,2.06,56.7
2026-05-12 13:00:00,17.5,29,8.0,29.6,32.3,2.33,64.23
2026-05-12 14:00:00,18.7,28,4.7,26.76,29.19,2.1,58.050000000000004
2026-05-12 15:00:00,19.1,28,11.3,28.87,31.5,2.27,62.64000000000001
2026-05-12 16:00:00,19.4,26,13.6,25.18,27.47,1.98,54.629999999999995
2026-05-12 17:00:00,18.6,28,21.0,21.45,23.4,1.69,46.53999999999999
2026-05-12 18:00:00,16.0,42,22.9,21.95,23.95,1.73,47.629999999999995
2026-05-12 19:00:00,14.3,46,21.6,18.25,19.91,1.44,39.599999999999994
2026-05-12 20:00:00,13.1,54,18.0,15.01,16.38,1.18,32.57
2026-05-12 21:00:00,12.2,57,14.9,9.1,9.92,0.72,19.74
2026-05-12 22:00:00,11.4,63,17.0,7.67,8.37,0.6,16.64
2026-05-12 23:00:00,11.3,72,11.9,6.65,7.25,0.52,14.42
2026-05-13 00:00:00,10.8,74,8.7,7.17,7.48,0.57,15.22
2026-05-13 01:00:00,10.8,72,6.8,6.85,7.14,0.54,14.529999999999998
2026-05-13 02:00:00,10.5,74,6.1,8.36,8.73,0.66,17.75
2026-05-13 03:00:00,10.7,73,5.6,8.66,9.04,0.69,18.39
2026-05-13 04:00:00,10.9,74,6.2,9.08,9.48,0.72,19.28
2026-05-13 05:00:00,11.0,72,7.2,11.71,12.22,0.93,24.86
2026-05-13 06:00:00,11.2,72,8.0,20.51,21.4,1.63,43.54
2026-05-13 07:00:00,12.1,73,8.6,21.17,22.09,1.68,44.940000000000005
2026-05-13 08:00:00,12.8,75,7.6,26.41,27.56,2.1,56.07
2026-05-13 09:00:00,14.1,76,8.7,26.45,27.6,2.1,56.15
2026-05-13 10:00:00,17.8,57,13.1,25.85,26.97,2.05,54.87
2026-05-13 11:00:00,20.2,52,17.8,30.46,31.78,2.42,64.66
2026-05-13 12:00:00,21.9,43,22.5,28.71,29.95,2.28,60.94
2026-05-13 13:00:00,22.4,41,21.8,26.36,27.5,2.09,55.95
2026-05-13 14:00:00,23.3,42,22.7,29.26,30.52,2.32,62.1
2026-05-13 15:00:00,23.3,38,28.3,25.91,27.04,2.06,55.010000000000005
2026-05-13 16:00:00,21.2,38,34.9,27.42,28.61,2.18,58.21
2026-05-13 17:00:00,21.0,37,32.9,23.47,24.49,1.86,49.81999999999999
2026-05-13 18:00:00,19.8,41,27.6,19.68,20.53,1.56,41.77
2026-05-13 19:00:00,18.9,44,24.8,19.89,20.75,1.58,42.22
2026-05-13 20:00:00,17.4,51,24.0,16.44,17.15,1.31,34.900000000000006
2026-05-13 21:00:00,16.4,55,18.7,8.14,8.5,0.65,17.29
2026-05-13 22:00:00,15.3,61,20.3,8.36,8.73,0.66,17.75
2026-05-13 23:00:00,15.3,67,14.5,7.28,7.6,0.58,15.459999999999999
2026-05-14 00:00:00,14.9,70,5.0,7.81,7.79,0.63,16.23
2026-05-14 01:00:00,14.7,77,12.7,7.49,7.48,0.6,15.57
2026-05-14 02:00:00,13.6,82,8.1,7.48,7.47,0.6,15.549999999999999
2026-05-14 03:00:00,13.4,86,6.9,9.44,9.42,0.76,19.62
2026-05-14 04:00:00,13.3,90,4.9,9.95,9.92,0.8,20.669999999999998
2026-05-14 05:00:00,13.1,88,2.7,10.47,10.44,0.84,21.75
2026-05-14 06:00:00,12.7,92,2.3,22.37,22.31,1.8,46.48
2026-05-14 07:00:00,13.1,94,3.6,23.21,23.15,1.86,48.22
2026-05-14 08:00:00,13.7,89,8.7,23.57,23.51,1.89,48.97
2026-05-14 09:00:00,14.1,87,9.9,28.87,28.8,2.32,59.99
2026-05-14 10:00:00,14.5,83,15.3,28.35,28.28,2.28,58.910000000000004
2026-05-14 11:00:00,14.9,75,10.5,27.15,27.08,2.18,56.41
2026-05-14 12:00:00,15.4,72,4.3,31.35,31.27,2.52,65.14
2026-05-14 13:00:00,16.1,66,5.0,28.94,28.87,2.32,60.13
2026-05-14 14:00:00,17.0,53,3.8,26.04,25.97,2.09,54.099999999999994
2026-05-14 15:00:00,18.5,47,10.5,28.32,28.25,2.27,58.84
2026-05-14 16:00:00,18.2,54,13.4,24.6,24.54,1.98,51.12
2026-05-14 17:00:00,18.5,48,16.0,25.55,25.49,2.05,53.089999999999996
2026-05-14 18:00:00,17.7,41,25.2,21.52,21.47,1.73,44.71999999999999
2026-05-14 19:00:00,16.8,44,17.5,17.82,17.78,1.43,37.03
2026-05-14 20:00:00,16.4,44,14.4,17.9,17.86,1.44,37.199999999999996
2026-05-14 21:00:00,14.9,47,14.4,8.91,8.89,0.72,18.52
2026-05-14 22:00:00,14.0,57,15.4,7.48,7.47,0.6,15.549999999999999
2026-05-14 23:00:00,13.2,60,19.0,7.94,7.92,0.64,16.5
2026-05-15 00:00:00,11.4,65,7.9,7.0,6.67,0.57,14.24
2026-05-15 01:00:00,10.6,69,9.6,8.16,7.78,0.66,16.6
2026-05-15 02:00:00,10.1,70,12.9,8.19,7.81,0.67,16.67
2026-05-15 03:00:00,9.5,75,8.9,8.44,8.05,0.69,17.180000000000003
2026-05-15 04:00:00,9.5,76,7.2,10.83,10.33,0.88,22.04
2026-05-15 05:00:00,9.4,78,9.1,11.46,10.93,0.93,23.32
2026-05-15 06:00:00,9.8,75,10.8,19.98,19.05,1.62,40.65
2026-05-15 07:00:00,11.0,77,9.8,25.29,24.12,2.06,51.47
2026-05-15 08:00:00,12.2,73,14.0,25.82,24.62,2.1,52.54
2026-05-15 09:00:00,13.5,66,17.6,25.75,24.55,2.09,52.39
2026-05-15 10:00:00,15.0,61,15.5,30.92,29.49,2.51,62.919999999999995
2026-05-15 11:00:00,16.6,53,15.3,29.76,28.38,2.42,60.56
2026-05-15 12:00:00,17.4,53,19.8,27.92,26.63,2.27,56.82
2026-05-15 13:00:00,17.3,53,19.5,31.59,30.12,2.57,64.28
2026-05-15 14:00:00,17.9,51,21.1,28.57,27.24,2.32,58.13
2026-05-15 15:00:00,18.8,53,15.5,25.19,24.02,2.05,51.26
2026-05-15 16:00:00,19.3,51,15.3,26.86,25.62,2.18,54.660000000000004
2026-05-15 17:00:00,19.5,48,17.7,22.91,21.84,1.86,46.61
2026-05-15 18:00:00,19.5,46,13.6,23.41,22.33,1.9,47.63999999999999
2026-05-15 19:00:00,19.0,50,14.5,19.48,18.58,1.58,39.64
2026-05-15 20:00:00,18.4,51,8.2,16.03,15.29,1.3,32.62
2026-05-15 21:00:00,16.8,56,7.4,9.7,9.25,0.79,19.74
2026-05-15 22:00:00,15.5,59,2.4,8.19,7.81,0.67,16.67
2026-05-15 23:00:00,14.5,65,7.9,7.1,6.77,0.58,14.45
2026-05-16 00:00:00,13.4,73,4.1,7.64,6.97,0.63,15.24
2026-05-16 01:00:00,12.8,75,1.5,7.3,6.65,0.6,14.549999999999999
2026-05-16 02:00:00,12.5,74,1.5,8.9,8.12,0.73,17.75
2026-05-16 03:00:00,11.8,77,1.1,9.23,8.41,0.76,18.400000000000002
2026-05-16 04:00:00,11.0,79,2.7,9.68,8.83,0.8,19.31
2026-05-16 05:00:00,11.0,81,1.5,12.47,11.37,1.03,24.87
2026-05-16 06:00:00,10.6,86,2.6,21.85,19.92,1.8,43.57
2026-05-16 07:00:00,12.4,90,1.1,22.58,20.58,1.86,45.019999999999996
2026-05-16 08:00:00,15.7,73,2.9,28.13,25.64,2.32,56.089999999999996
2026-05-16 09:00:00,17.7,61,10.1,28.19,25.69,2.32,56.2
2026-05-16 10:00:00,20.0,55,10.5,27.57,25.12,2.27,54.96
2026-05-16 11:00:00,22.7,42,14.3,32.44,29.57,2.67,64.67999999999999
2026-05-16 12:00:00,24.4,39,18.4,30.59,27.88,2.52,60.99
2026-05-16 13:00:00,25.4,36,17.9,28.12,25.63,2.31,56.06
2026-05-16 14:00:00,25.9,38,20.0,31.16,28.4,2.57,62.13
2026-05-16 15:00:00,26.7,35,22.9,27.62,25.17,2.27,55.06000000000001
2026-05-16 16:00:00,25.9,39,16.8,23.88,21.77,1.97,47.62
2026-05-16 17:00:00,26.7,37,14.8,25.0,22.79,2.06,49.85
2026-05-16 18:00:00,26.3,37,17.7,20.98,19.12,1.73,41.83
2026-05-16 19:00:00,26.3,29,17.8,21.18,19.3,1.74,42.220000000000006
2026-05-16 20:00:00,24.9,28,17.4,17.51,15.96,1.44,34.91
2026-05-16 21:00:00,23.1,37,10.8,8.68,7.91,0.71,17.3
2026-05-16 22:00:00,21.8,43,14.0,8.9,8.12,0.73,17.75
2026-05-16 23:00:00,21.6,43,10.8,7.76,7.07,0.64,15.47
2026-05-17 00:00:00,21.3,49,15.3,8.3,7.23,0.69,16.220000000000002
2026-05-17 01:00:00,20.6,49,10.7,7.97,6.94,0.67,15.58
2026-05-17 02:00:00,20.4,49,11.2,7.96,6.94,0.66,15.56
2026-05-17 03:00:00,20.2,53,12.6,10.04,8.74,0.84,19.62
2026-05-17 04:00:00,19.6,56,7.3,10.58,9.21,0.88,20.669999999999998
2026-05-17 05:00:00,19.1,62,6.2,11.14,9.7,0.93,21.77
2026-05-17 06:00:00,18.3,65,6.1,23.78,20.71,1.98,46.47
2026-05-17 07:00:00,19.7,71,6.0,24.68,21.5,2.06,48.24
2026-05-17 08:00:00,21.1,71,10.5,25.09,21.85,2.09,49.03
2026-05-17 09:00:00,23.4,63,13.1,30.69,26.73,2.56,59.980000000000004
2026-05-17 10:00:00,24.5,63,10.8,30.16,26.27,2.52,58.95
2026-05-17 11:00:00,26.5,54,7.5,28.9,25.17,2.41,56.480000000000004
2026-05-17 12:00:00,28.3,45,9.3,33.33,29.03,2.78,65.14
2026-05-17 13:00:00,30.1,36,15.8,30.79,26.82,2.57,60.18
2026-05-17 14:00:00,30.5,37,15.4,27.72,24.15,2.31,54.18
2026-05-17 15:00:00,30.1,45,20.6,30.11,26.23,2.51,58.85
2026-05-17 16:00:00,30.5,43,17.2,26.17,22.79,2.18,51.14
2026-05-17 17:00:00,30.6,39,17.3,22.22,19.35,1.85,43.42
2026-05-17 18:00:00,30.0,41,9.0,22.89,19.93,1.91,44.73
2026-05-17 19:00:00,29.1,38,9.7,18.97,16.52,1.58,37.06999999999999
2026-05-17 20:00:00,27.3,41,5.8,19.03,16.57,1.59,37.190000000000005
2026-05-17 21:00:00,27.2,44,7.3,9.48,8.25,0.79,18.52
2026-05-17 22:00:00,25.4,49,7.6,7.96,6.94,0.66,15.56
2026-05-17 23:00:00,24.9,49,8.7,8.44,7.35,0.7,16.49
