timestamp,aqi_value,category,parameter,reporting_area,state_code,latitude,longitude
2026-02-15,37,Good,OZONE,New York City Region,NY,40.8419,-73.8359
2026-02-15,87,Moderate,PM2.5,New York City Region,NY,40.8419,-73.8359
2026-02-16,38,Good,OZONE,New York City Region,NY,40.8419,-73.8359
2026-02-16,49,Good,PM2.5,New York City Region,NY,40.8419,-73.8359
2026-02-17,23,Good,OZONE,New York City Region,NY,40.8419,-73.8359
2026-02-17,103,Unhealthy for Sensitive Groups,PM2.5,New York City Region,NY,40.8419,-73.8359
2026-02-18,25,Good,OZONE,New York City Region,NY,40.8419,-73.8359
2026-02-18,119,Unhealthy for Sensitive Groups,PM2.5,New York City Region,NY,40.8419,-73.8359
2026-02-19,33,Good,OZONE,New York City Region,NY,40.8419,-73.8359
2026-02-19,57,Moderate,PM2.5,New York City Region,NY,40.8419,-73.8359
2026-02-20,41,Good,PM2.5,New York City Region,NY,40.8419,-73.8359
2026-02-20,33,Good,OZONE,New York City Region,NY,40.8419,-73.8359
2026-02-21,27,Good,OZONE,New York City Region,NY,40.8419,-73.8359
2026-02-21,49,Good,PM2.5,New York City Region,NY,40.8419,-73.8359
2026-02-22,36,Good,OZONE,New York City Region,NY,40.8419,-73.8359
2026-02-22,39,Good,PM2.5,New York City Region,NY,40.8419,-73.8359
2026-02-23,39,Good,OZONE,New York City Region,NY,40.8419,-73.8359
2026-02-23,26,Good,PM2.5,New York City Region,NY,40.8419,-73.8359
2026-02-24,33,Good,OZONE,New York City Region,NY,40.8419,-73.8359
2026-02-24,46,Good,PM2.5,New York City Region,NY,40.8419,-73.8359
2026-02-25,76,Moderate,PM2.5,New York City Region,NY,40.8419,-73.8359
2026-02-25,29,Good,OZONE,New York City Region,NY,40.8419,-73.8359
2026-02-26,85,Moderate,PM2.5,New York City Region,NY,40.8419,-73.8359
2026-02-26,40,Good,OZONE,New York City Region,NY,40.8419,-73.8359
2026-02-27,32,Good,OZONE,New York City Region,NY,40.8419,-73.8359
2026-02-27,61,Moderate,PM2.5,New York City Region,NY,40.8419,-73.8359
2026-02-28,36,Good,OZONE,New York City Region,NY,40.8419,-73.8359
2026-02-28,74,Moderate,PM2.5,New York City Region,NY,40.8419,-73.8359
2026-03-01,41,Good,OZONE,New York City Region,NY,40.8419,-73.8359
2026-03-01,51,Moderate,PM2.5,New York City Region,NY,40.8419,-73.8359
2026-03-02,34,Good,OZONE,New York City Region,NY,40.8419,-73.8359
2026-03-02,37,Good,PM2.5,New York City Region,NY,40.8419,-73.8359
2026-03-03,32,Good,OZONE,New York City Region,NY,40.8419,-73.8359
2026-03-03,46,Good,PM2.5,New York City Region,NY,40.8419,-73.8359
2026-03-04,76,Moderate,PM2.5,New York City Region,NY,40.8419,-73.8359
2026-03-04,29,Good,OZONE,New York City Region,NY,40.8419,-73.8359
2026-03-05,31,Good,OZONE,New York City Region,NY,40.8419,-73.8359
2026-03-05,73,Moderate,PM2.5,New York City Region,NY,40.8419,-73.8359
2026-03-06,33,Good,OZONE,New York City Region,NY,40.8419,-73.8359
2026-03-06,37,Good,PM2.5,New York City Region,NY,40.8419,-73.8359
2026-03-07,24,Good,OZONE,New York City Region,NY,40.8419,-73.8359
2026-03-07,63,Moderate,PM2.5,New York City Region,NY,40.8419,-73.8359
2026-03-08,34,Good,OZONE,New York City Region,NY,40.8419,-73.8359
2026-03-08,64,Moderate,PM2.5,New York City Region,NY,40.8419,-73.8359
2026-03-09,61,Moderate,PM2.5,New York City Region,NY,40.8419,-73.8359
2026-03-09,42,Good,OZONE,New York City Region,NY,40.8419,-73.8359
2026-03-10,42,Good,OZONE,New York City Region,NY,40.8419,-73.8359
2026-03-10,76,Moderate,PM2.5,New York City Region,NY,40.8419,-73.8359
2026-03-11,32,Good,OZONE,New York City Region,NY,40.8419,-73.8359
2026-03-11,79,Moderate,PM2.5,New York City Region,NY,40.8419,-73.8359
2026-03-12,35,Good,OZONE,New York City Region,NY,40.8419,-73.8359
2026-03-12,60,Moderate,PM2.5,New York City Region,NY,40.8419,-73.8359
2026-03-13,42,Good,OZONE,New York City Region,NY,40.8419,-73.8359
2026-03-13,34,Good,PM2.5,New York City Region,NY,40.8419,-73.8359
2026-03-14,38,Good,PM2.5,New York City Region,NY,40.8419,-73.8359
2026-03-14,40,Good,OZONE,New York City Region,NY,40.8419,-73.8359
2026-03-15,40,Good,OZONE,New York City Region,NY,40.8419,-73.8359
2026-03-15,36,Good,PM2.5,New York City Region,NY,40.8419,-73.8359
2026-03-16,31,Good,OZONE,New York City Region,NY,40.8419,-73.8359
2026-03-16,37,Good,PM2.5,New York City Region,NY,40.8419,-73.8359
2026-03-17,39,Good,OZONE,New York City Region,NY,40.8419,-73.8359
2026-03-17,24,Good,PM2.5,New York City Region,NY,40.8419,-73.8359
2026-03-18,37,Good,OZONE,New York City Region,NY,40.8419,-73.8359
2026-03-18,29,Good,PM2.5,New York City Region,NY,40.8419,-73.8359
2026-03-19,37,Good,OZONE,New York City Region,NY,40.8419,-73.8359
2026-03-19,45,Good,PM2.5,New York City Region,NY,40.8419,-73.8359
2026-03-20,58,Moderate,PM2.5,New York City Region,NY,40.8419,-73.8359
2026-03-20,46,Good,OZONE,New York City Region,NY,40.8419,-73.8359
2026-03-21,38,Good,OZONE,New York City Region,NY,40.8419,-73.8359
2026-03-21,52,Moderate,PM2.5,New York City Region,NY,40.8419,-73.8359
2026-03-22,44,Good,OZONE,New York City Region,NY,40.8419,-73.8359
2026-03-22,59,Moderate,PM2.5,New York City Region,NY,40.8419,-73.8359
2026-03-23,33,Good,OZONE,New York City Region,NY,40.8419,-73.8359
2026-03-23,31,Good,PM2.5,New York City Region,NY,40.8419,-73.8359
2026-03-24,40,Good,OZONE,New York City Region,NY,40.8419,-73.8359
2026-03-24,31,Good,PM2.5,New York City Region,NY,40.8419,-73.8359
2026-03-25,47,Good,PM2.5,New York City Region,NY,40.8419,-73.8359
2026-03-25,39,Good,OZONE,New York City Region,NY,40.8419,-73.8359
2026-03-26,62,Moderate,PM2.5,New York City Region,NY,40.8419,-73.8359
2026-03-26,71,Moderate,OZONE,New York City Region,NY,40.8419,-73.8359
2026-03-27,35,Good,OZONE,New York City Region,NY,40.8419,-73.8359
2026-03-27,39,Good,PM2.5,New York City Region,NY,40.8419,-73.8359
2026-03-28,39,Good,OZONE,New York City Region,NY,40.8419,-73.8359
2026-03-28,37,Good,PM2.5,New York City Region,NY,40.8419,-73.8359
2026-03-29,44,Good,OZONE,New York City Region,NY,40.8419,-73.8359
2026-03-29,37,Good,PM2.5,New York City Region,NY,40.8419,-73.8359
2026-03-30,45,Good,OZONE,New York City Region,NY,40.8419,-73.8359
2026-03-30,46,Good,PM2.5,New York City Region,NY,40.8419,-73.8359
2026-03-31,46,Good,OZONE,New York City Region,NY,40.8419,-73.8359
2026-03-31,60,Moderate,PM2.5,New York City Region,NY,40.8419,-73.8359
2026-04-01,48,Good,PM2.5,New York City Region,NY,40.8419,-73.8359
2026-04-01,45,Good,OZONE,New York City Region,NY,40.8419,-73.8359
2026-04-02,31,Good,OZONE,New York City Region,NY,40.8419,-73.8359
2026-04-02,28,Good,PM2.5,New York City Region,NY,40.8419,-73.8359
2026-04-03,28,Good,OZONE,New York City Region,NY,40.8419,-73.8359
2026-04-03,54,Moderate,PM2.5,New York City Region,NY,40.8419,-73.8359
2026-04-04,36,Good,OZONE,New York City Region,NY,40.8419,-73.8359
2026-04-04,56,Moderate,PM2.5,New York City Region,NY,40.8419,-73.8359
2026-04-05,32,Good,OZONE,New York City Region,NY,40.8419,-73.8359
2026-04-05,40,Good,PM2.5,New York City Region,NY,40.8419,-73.8359
2026-04-06,23,Good,PM2.5,New York City Region,NY,40.8419,-73.8359
2026-04-06,45,Good,OZONE,New York City Region,NY,40.8419,-73.8359
2026-04-07,42,Good,OZONE,New York City Region,NY,40.8419,-73.8359
2026-04-07,31,Good,PM2.5,New York City Region,NY,40.8419,-73.8359
2026-04-08,42,Good,OZONE,New York City Region,NY,40.8419,-73.8359
2026-04-08,27,Good,PM2.5,New York City Region,NY,40.8419,-73.8359
2026-04-09,41,Good,OZONE,New York City Region,NY,40.8419,-73.8359
2026-04-09,39,Good,PM2.5,New York City Region,NY,40.8419,-73.8359
2026-04-10,38,Good,OZONE,New York City Region,NY,40.8419,-73.8359
2026-04-10,58,Moderate,PM2.5,New York City Region,NY,40.8419,-73.8359
2026-04-11,41,Good,OZONE,New York City Region,NY,40.8419,-73.8359
2026-04-11,32,Good,PM2.5,New York City Region,NY,40.8419,-73.8359
2026-04-12,34,Good,PM2.5,New York City Region,NY,40.8419,-73.8359
2026-04-12,44,Good,OZONE,New York City Region,NY,40.8419,-73.8359
2026-04-13,49,Good,OZONE,New York City Region,NY,40.8419,-73.8359
2026-04-13,59,Moderate,PM2.5,New York City Region,NY,40.8419,-73.8359
2026-04-14,61,Moderate,OZONE,New York City Region,NY,40.8419,-73.8359
2026-04-14,55,Moderate,PM2.5,New York City Region,NY,40.8419,-73.8359
2026-04-15,51,Moderate,OZONE,New York City Region,NY,40.8419,-73.8359
2026-04-15,53,Moderate,PM2.5,New York City Region,NY,40.8419,-73.8359
2026-04-16,80,Moderate,OZONE,New York City Region,NY,40.8419,-73.8359
2026-04-16,65,Moderate,PM2.5,New York City Region,NY,40.8419,-73.8359
2026-04-17,36,Good,PM2.5,New York City Region,NY,40.8419,-73.8359
2026-04-17,46,Good,OZONE,New York City Region,NY,40.8419,-73.8359
2026-04-18,36,Good,PM2.5,New York City Region,NY,40.8419,-73.8359
2026-04-18,32,Good,OZONE,New York City Region,NY,40.8419,-73.8359
2026-04-19,33,Good,OZONE,New York City Region,NY,40.8419,-73.8359
2026-04-19,24,Good,PM2.5,New York City Region,NY,40.8419,-73.8359
2026-04-20,41,Good,OZONE,New York City Region,NY,40.8419,-73.8359
2026-04-20,26,Good,PM2.5,New York City Region,NY,40.8419,-73.8359
2026-04-21,44,Good,OZONE,New York City Region,NY,40.8419,-73.8359
2026-04-21,28,Good,PM2.5,New York City Region,NY,40.8419,-73.8359
2026-04-22,45,Good,OZONE,New York City Region,NY,40.8419,-73.8359
2026-04-22,43,Good,PM2.5,New York City Region,NY,40.8419,-73.8359
2026-04-23,51,Moderate,PM2.5,New York City Region,NY,40.8419,-73.8359
2026-04-23,58,Moderate,OZONE,New York City Region,NY,40.8419,-73.8359
2026-04-24,32,Good,PM2.5,New York City Region,NY,40.8419,-73.8359
2026-04-24,45,Good,OZONE,New York City Region,NY,40.8419,-73.8359
2026-04-25,37,Good,OZONE,New York City Region,NY,40.8419,-73.8359
2026-04-25,27,Good,PM2.5,New York City Region,NY,40.8419,-73.8359
2026-04-26,45,Good,OZONE,New York City Region,NY,40.8419,-73.8359
2026-04-26,23,Good,PM2.5,New York City Region,NY,40.8419,-73.8359
2026-04-27,47,Good,OZONE,New York City Region,NY,40.8419,-73.8359
2026-04-27,27,Good,PM2.5,New York City Region,NY,40.8419,-73.8359
2026-04-28,38,Good,OZONE,New York City Region,NY,40.8419,-73.8359
2026-04-28,25,Good,PM2.5,New York City Region,NY,40.8419,-73.8359
2026-04-29,35,Good,PM2.5,New York City Region,NY,40.8419,-73.8359
2026-04-29,42,Good,OZONE,New York City Region,NY,40.8419,-73.8359
2026-04-30,31,Good,OZONE,New York City Region,NY,40.8419,-73.8359
2026-04-30,37,Good,PM2.5,New York City Region,NY,40.8419,-73.8359
2026-05-01,41,Good,OZONE,New York City Region,NY,40.8419,-73.8359
2026-05-01,26,Good,PM2.5,New York City Region,NY,40.8419,-73.8359
2026-05-02,41,Good,OZONE,New York City Region,NY,40.8419,-73.8359
2026-05-02,26,Good,PM2.5,New York City Region,NY,40.8419,-73.8359
2026-05-03,43,Good,OZONE,New York City Region,NY,40.8419,-73.8359
2026-05-03,23,Good,PM2.5,New York City Region,NY,40.8419,-73.8359
2026-05-04,64,Moderate,OZONE,New York City Region,NY,40.8419,-73.8359
2026-05-04,43,Good,PM2.5,New York City Region,NY,40.8419,-73.8359
2026-05-05,65,Moderate,PM2.5,New York City Region,NY,40.8419,-73.8359
2026-05-05,90,Moderate,OZONE,New York City Region,NY,40.8419,-73.8359
2026-05-06,43,Good,OZONE,New York City Region,NY,40.8419,-73.8359
2026-05-06,58,Moderate,PM2.5,New York City Region,NY,40.8419,-73.8359
2026-05-07,41,Good,OZONE,New York City Region,NY,40.8419,-73.8359
2026-05-07,26,Good,PM2.5,New York City Region,NY,40.8419,-73.8359
2026-05-08,45,Good,OZONE,New York City Region,NY,40.8419,-73.8359
2026-05-08,37,Good,PM2.5,New York City Region,NY,40.8419,-73.8359
2026-05-09,39,Good,OZONE,New York City Region,NY,40.8419,-73.8359
2026-05-09,59,Moderate,PM2.5,New York City Region,NY,40.8419,-73.8359
2026-05-10,71,Moderate,PM2.5,New York City Region,NY,40.8419,-73.8359
2026-05-10,46,Good,OZONE,New York City Region,NY,40.8419,-73.8359
2026-05-11,16,Good,PM2.5,New York City Region,NY,40.8419,-73.8359
2026-05-11,37,Good,OZONE,New York City Region,NY,40.8419,-73.8359
2026-05-12,39,Good,OZONE,New York City Region,NY,40.8419,-73.8359
2026-05-12,18,Good,PM2.5,New York City Region,NY,40.8419,-73.8359
2026-05-13,58,Moderate,OZONE,New York City Region,NY,40.8419,-73.8359
2026-05-13,39,Good,PM2.5,New York City Region,NY,40.8419,-73.8359
2026-05-14,39,Good,OZONE,New York City Region,NY,40.8419,-73.8359
2026-05-14,33,Good,PM2.5,New York City Region,NY,40.8419,-73.8359
2026-05-15,29,Good,OZONE,New York City Region,NY,40.8419,-73.8359
2026-05-15,19,Good,PM2.5,New York City Region,NY,40.8419,-73.8359
2026-05-16,84,Moderate,OZONE,New York City Region,NY,40.8419,-73.8359
2026-05-16,44,Good,PM2.5,New York City Region,NY,40.8419,-73.8359
2026-05-17,100,Moderate,OZONE,New York City Region,NY,40.8419,-73.8359
2026-05-17,56,Moderate,PM2.5,New York City Region,NY,40.8419,-73.8359
